file,left1,top1,right1,bottom1,left2,top2,right2,bottom2
7aaba35a-c23c-4cac-918e-5b94bec6b827.png,816.0,633.0,932.0,788.0,236.0,407.0,516.0,844.0
b4abc0a4-600c-4834-bd71-c9dbb21eaaf0.png,225.0,222.0,409.0,689.0,553.0,189.0,822.0,681.0
ca1470f8-20fe-4e11-ad99-9c83248e7b11.png,577.0,173.0,846.0,675.0,,,,
8249731d-189a-4352-b8a9-80b68bd84254.png,184.0,357.0,449.0,527.0,629.0,432.0,810.0,635.0
695e33f8-31d1-467e-add2-f05041880b28.png,130.0,758.0,344.0,906.0,,,,
76cf9b95-b598-4788-9a10-77061046ef98.png,621.0,370.0,768.0,527.0,,,,
41ad1f3d-60ec-425e-aa10-5833893049e1.png,257.0,454.0,408.0,638.0,,,,
b07a3786-2c97-4204-8fa3-4b303d4d655f.png,183.0,143.0,453.0,734.0,604.0,173.0,838.0,613.0
0a374967-8ef8-4d34-94cc-a06929836723.png,202.0,285.0,316.0,437.0,,,,
36ab4430-59ea-442a-9968-9329b3c93954.png,246.0,618.0,448.0,706.0,,,,
b3cbe758-859f-4ace-8968-4953ca48dfc7.png,475.0,433.0,712.0,730.0,124.0,353.0,334.0,743.0
9012a0fd-7354-4934-8a18-de81af9a153a.png,630.0,598.0,919.0,1024.0,174.0,504.0,475.0,885.0
8b31fa8e-9b16-4185-b7e3-2cead2a6f4ea.png,192.0,310.0,403.0,602.0,,,,
98170722-6cba-4e3a-8b9f-fba220d8e7f7.png,534.0,272.0,785.0,810.0,,,,
7b4c5581-5fd4-476c-b2bb-ee4dcbdf7c71.png,697.0,414.0,856.0,661.0,205.0,477.0,372.0,688.0
a965cb42-5f7b-4cfb-9970-6fe6b80f640c.png,200.0,74.0,495.0,644.0,,,,
28c94c54-4279-431a-b329-c69104ee0d38.png,628.0,501.0,810.0,658.0,,,,
5675fd06-eb6c-49a2-b3a3-0df515e9a266.png,168.0,535.0,310.0,697.0,587.0,376.0,740.0,616.0
3517d4f2-175a-4ec4-a274-eda1d8189299.png,615.0,287.0,868.0,810.0,220.0,239.0,417.0,729.0
8c68ceb7-2d5c-450e-bfda-052b862de063.png,519.0,188.0,782.0,729.0,131.0,162.0,436.0,720.0
ce1ff7c6-b08a-4d22-8b42-cfa6084e1285.png,307.0,216.0,549.0,673.0,713.0,262.0,929.0,827.0
bc9683bf-595d-497e-8c99-ac9baed1a2eb.png,99.0,561.0,320.0,718.0,515.0,629.0,737.0,824.0
0e724a83-c104-4d33-94a5-c7df6174f40f.png,577.0,227.0,790.0,601.0,266.0,219.0,436.0,576.0
66ab31a6-be10-4f4e-ad4d-b4aeb9371271.png,367.0,423.0,498.0,604.0,,,,
9f2e86d5-cf74-4c4f-84f9-c9e842c8ef0d.png,525.0,450.0,760.0,779.0,,,,
e65d66fe-2835-4e27-859b-a65065758cab.png,555.0,243.0,764.0,608.0,,,,
b7f73ec9-32a6-4b6d-8cf7-0ea7af92db07.png,716.0,215.0,948.0,806.0,285.0,183.0,498.0,847.0
c10f3035-c0f4-4436-a6f9-bbeb87777231.png,164.0,238.0,432.0,528.0,586.0,258.0,829.0,607.0
8e2b2c4e-18b8-4a78-8817-b1e8a1a5f32e.png,507.0,173.0,773.0,703.0,152.0,162.0,416.0,690.0
bb65756f-f78d-412a-b5e6-c7fe81c9eb4b.png,548.0,489.0,794.0,663.0,,,,
8106073f-c91e-49cc-bfd8-c191fe793638.png,583.0,131.0,696.0,470.0,,,,
25e49cde-cdd9-47ba-9e3c-bc8406433240.png,239.0,299.0,350.0,484.0,,,,
8a7d2eff-9c77-461e-b50b-b6dac8e54ba7.png,196.0,362.0,432.0,547.0,607.0,475.0,851.0,596.0
14cc479c-1385-46a1-9559-638c7da6f02d.png,685.0,384.0,866.0,688.0,84.0,304.0,310.0,577.0
267daad6-b373-4a1a-94b5-c2dc02f506f6.png,249.0,443.0,420.0,692.0,585.0,426.0,718.0,691.0
b406e391-9f28-4f26-a71f-285d5e3f488c.png,285.0,482.0,509.0,835.0,649.0,455.0,851.0,846.0
04ce0574-5d18-4661-973f-7bfbb0707a1c.png,551.0,249.0,791.0,678.0,228.0,230.0,362.0,558.0
719a4121-a78a-468d-b175-5b0f5fcc992b.png,167.0,502.0,306.0,670.0,,,,
4fd86b92-7ee7-44b7-8b94-7bafbedfaedd.png,599.0,238.0,853.0,760.0,221.0,264.0,450.0,698.0
aa2b8e03-8968-4d9d-a783-e64d9bca1d15.png,184.0,406.0,479.0,822.0,,,,
8f0e79ea-5db6-4a83-9886-c7d58f5f4825.png,440.0,249.0,648.0,608.0,131.0,127.0,280.0,590.0
f7b0889e-a9fe-40a9-a6a3-c9ce53252ec4.png,616.0,445.0,767.0,747.0,255.0,299.0,458.0,636.0
14f630ba-5e88-4944-9040-9861c91dc362.png,787.0,320.0,959.0,539.0,298.0,321.0,441.0,589.0
08f1b734-cd93-42c0-b978-9e1e1021bb55.png,602.0,319.0,853.0,774.0,243.0,357.0,505.0,808.0
b448e93a-18aa-4aa0-8b28-2e58529cf8e6.png,320.0,172.0,635.0,699.0,749.0,280.0,923.0,868.0
0ca3f31a-ace5-4bd2-9900-b152cc212c8e.png,184.0,385.0,470.0,566.0,,,,
2dd692a5-a60c-443e-8299-af5d03949b60.png,558.0,714.0,801.0,871.0,,,,
b05766ae-c0d4-4e29-855b-1112c7ae956e.png,559.0,316.0,795.0,620.0,,,,
3a776e35-1909-4109-aa86-0fd23f023e44.png,129.0,414.0,393.0,903.0,565.0,520.0,790.0,931.0
80a57687-c167-429b-84b5-3ed038c18e38.png,568.0,305.0,796.0,796.0,,,,
80bca6c8-5cdf-4528-85d6-aa6f3336664b.png,163.0,307.0,459.0,711.0,,,,
5d76b90a-e59d-4031-a49a-fca0f14aef78.png,671.0,540.0,839.0,622.0,,,,
41e4abf6-897e-464d-9cec-ed3c51d8809e.png,149.0,283.0,376.0,573.0,,,,
376a6f4e-a470-48e7-9092-b6179f296e46.png,568.0,292.0,833.0,611.0,242.0,420.0,465.0,551.0
b3db4730-7c2d-4b91-b09b-2346fef7dc58.png,263.0,440.0,440.0,697.0,609.0,237.0,801.0,606.0
77c809fd-1fb7-4dae-a0e6-33408425eb92.png,680.0,379.0,822.0,517.0,,,,
854fee36-d54c-4cde-904d-ab77f5e2e091.png,243.0,264.0,432.0,606.0,,,,
2635357b-8865-4551-9ed8-3f90b996c982.png,225.0,489.0,389.0,604.0,564.0,414.0,679.0,584.0
7934f518-dbaa-4201-922b-1bc93a245e84.png,213.0,208.0,316.0,287.0,,,,
b950ffe8-3423-46ea-b4dc-14064fa60587.png,636.0,412.0,782.0,657.0,292.0,146.0,426.0,539.0
b44bd070-da9f-479d-8546-9497dfc15762.png,623.0,238.0,861.0,694.0,257.0,277.0,496.0,547.0
d5e1c771-f2f2-4a2a-afbd-4b14b3198500.png,384.0,441.0,527.0,676.0,,,,
1944c064-d08d-4173-9c7a-a777dcf5262c.png,450.0,516.0,678.0,725.0,,,,
b3671358-67b4-4e10-93af-c62a561d1546.png,355.0,405.0,577.0,735.0,772.0,439.0,1000.0,685.0
ec09ddb3-9b0b-4749-9e0d-f94a4a7e5fed.png,258.0,388.0,377.0,523.0,633.0,418.0,754.0,576.0
a20667cb-b7b3-454c-8fa8-2acdd4bd0604.png,246.0,506.0,558.0,708.0,,,,
b6628d2e-e8dc-427e-bcb4-a19cf31b9ec7.png,592.0,208.0,829.0,629.0,185.0,251.0,419.0,870.0
284e095a-2c52-445d-9dd5-93c45021a7b7.png,570.0,408.0,745.0,566.0,229.0,302.0,426.0,669.0
3580d303-401f-4f0b-ac88-0729834349a8.png,182.0,52.0,489.0,638.0,634.0,93.0,920.0,770.0
0b74faac-00a1-4958-9571-b5f7f9c52179.png,169.0,287.0,434.0,630.0,,,,
0c89ca38-27ca-4cd0-88cb-18093fdcb04b.png,153.0,369.0,410.0,550.0,,,,
917ea1aa-b1b2-402b-b831-cacf85756279.png,210.0,396.0,417.0,623.0,,,,
b8eef91b-bbe7-443c-9e05-b756108d7344.png,590.0,433.0,875.0,624.0,199.0,579.0,371.0,748.0
797eafe0-2b9a-463f-ab2f-446fc39384e1.png,257.0,421.0,439.0,719.0,,,,
424aaa0a-b9a0-4766-a8dc-46ff4a5422db.png,541.0,413.0,678.0,637.0,,,,
ae2e618e-ca4d-4fbc-aae5-d6f39e4b484f.png,792.0,708.0,959.0,981.0,,,,
b8328cd5-8b9d-4834-aa79-053be9640655.png,636.0,714.0,899.0,909.0,199.0,418.0,364.0,770.0
72a6910e-c0f2-422e-988b-dcbf1450f0e6.png,572.0,643.0,773.0,775.0,200.0,649.0,413.0,807.0
c574a647-fb1f-4344-9568-892f4d66f4ed.png,586.0,556.0,903.0,942.0,,,,
af1d13fe-4442-418a-ab7d-01983275a99a.png,567.0,218.0,764.0,593.0,274.0,352.0,438.0,584.0
1352a7f3-1f0d-4f1f-af05-daa5d7f8624a.png,631.0,263.0,822.0,614.0,255.0,205.0,537.0,719.0
e7b3fd9c-d51f-42dd-9f90-25160990faa8.png,211.0,260.0,361.0,784.0,564.0,274.0,787.0,693.0
54539347-4e0a-4b42-af9a-420d5f0c95e7.png,663.0,487.0,844.0,764.0,,,,
5c666895-9341-42c3-8e52-af6d4650066c.png,205.0,471.0,371.0,557.0,,,,
b091d2a7-572e-4183-8dfd-acf6ae5e3e86.png,610.0,249.0,860.0,847.0,263.0,290.0,446.0,833.0
8aa2f1cd-a9f5-4f10-8dd7-1d40b2fbaf50.png,561.0,237.0,870.0,893.0,139.0,186.0,389.0,791.0
793c8547-aa10-4a67-88eb-0318ff9a6541.png,583.0,521.0,776.0,724.0,117.0,484.0,299.0,677.0
17bb233f-6ee9-4645-92ee-b415499f691a.png,158.0,87.0,437.0,805.0,,,,
824d9f73-9c41-47be-984b-29b40f5a8b86.png,491.0,80.0,839.0,583.0,103.0,55.0,379.0,512.0
308e8db6-f833-45b2-adb7-0f019ff96135.png,598.0,592.0,781.0,727.0,,,,
93c1ea7f-20b2-4860-9beb-fd0ad2f54bd6.png,498.0,302.0,745.0,541.0,139.0,245.0,386.0,657.0
3766b0a6-1769-4d82-b081-fa53531de34e.png,154.0,429.0,425.0,775.0,619.0,258.0,867.0,804.0
91088f01-2556-41de-ad37-fb287b9e793e.png,558.0,364.0,840.0,753.0,177.0,350.0,430.0,766.0
c907dcd1-6011-430b-9515-009900b4a98f.png,254.0,222.0,554.0,740.0,598.0,274.0,878.0,757.0
3d1c3cd6-7e88-48ea-91b7-3150c2833bcf.png,643.0,208.0,945.0,885.0,209.0,232.0,491.0,804.0
156a563f-4580-41d9-b930-2c6859478b50.png,668.0,401.0,860.0,747.0,,,,
932d09e6-2597-4a6d-a7fd-f6c07de79bb0.png,142.0,155.0,493.0,749.0,625.0,135.0,899.0,834.0
b84112a1-ffcd-4897-baa1-652f4e460287.png,232.0,325.0,443.0,744.0,577.0,310.0,797.0,802.0
bda68f49-6eb2-4afa-86bf-89a3d4378100.png,634.0,436.0,851.0,603.0,389.0,395.0,531.0,576.0
ebad82a7-09e7-404e-9467-31303b3967a6.png,201.0,489.0,382.0,664.0,615.0,173.0,807.0,624.0
3533d3a6-27af-4d2b-a232-ce489a2148d9.png,367.0,558.0,512.0,734.0,651.0,574.0,905.0,796.0
90035195-09b5-4fc6-8cbc-f16bb0c26048.png,356.0,481.0,575.0,787.0,,,,
3eb19434-abba-4221-bc02-545d97b9a093.png,328.0,315.0,437.0,491.0,592.0,367.0,694.0,504.0
3f774e0d-f367-4fa2-98cc-82845d21d5f6.png,135.0,436.0,357.0,655.0,,,,
3d0b66d4-1954-4454-95e6-e3888e596bac.png,191.0,613.0,388.0,861.0,166.0,289.0,368.0,598.0
659311dc-e5f9-4150-90c6-65e762f170e6.png,233.0,554.0,419.0,739.0,729.0,520.0,926.0,711.0
b1f2db42-68ac-4c11-a4f4-3f6b8b6be999.png,168.0,542.0,387.0,702.0,,,,
c37cfadd-1e52-4704-9831-403826ad2974.png,239.0,153.0,514.0,692.0,667.0,158.0,946.0,624.0
356b4fae-852c-40cc-b736-53b64ea38a99.png,118.0,305.0,355.0,806.0,493.0,375.0,755.0,852.0
9c6b1f79-c2e8-497a-88aa-34af955ce666.png,180.0,83.0,461.0,779.0,578.0,415.0,865.0,767.0
83094251-fcda-4f05-a02c-00b6fd9d764b.png,690.0,203.0,1018.0,871.0,295.0,214.0,564.0,605.0
b2ed5727-8a0e-485c-9db3-4d2e53fd35e6.png,125.0,473.0,378.0,825.0,,,,
5a4e67d2-ce41-426c-a695-b98fb6e0a276.png,228.0,491.0,396.0,627.0,,,,
545eea70-f537-42bc-95e6-79e0c59f4c68.png,496.0,441.0,737.0,698.0,,,,
887f1973-3952-40a2-acf7-19a471c1c92d.png,255.0,205.0,570.0,781.0,676.0,279.0,965.0,932.0
e21bd38d-504c-4256-9168-2f1ccc10ad94.png,279.0,547.0,409.0,693.0,,,,
995add3b-6d5f-42a4-ac2f-7e46ffe27897.png,213.0,160.0,460.0,658.0,593.0,149.0,877.0,730.0
3e07be0a-9693-4f9c-9295-9e72b3e2a872.png,176.0,429.0,375.0,690.0,,,,
980bedbf-2f34-4596-a7cb-ec66fd1ec4de.png,560.0,114.0,794.0,480.0,,,,
345d1a85-8d32-4e43-8e9f-dfb0048da3fe.png,142.0,434.0,379.0,633.0,,,,
8882a89a-09fa-4724-9e1b-283023523b01.png,225.0,278.0,484.0,733.0,596.0,261.0,888.0,765.0
3fa13d7f-8b18-443d-8dfe-2b098bfec24a.png,165.0,379.0,434.0,636.0,586.0,415.0,879.0,763.0
f66549b1-f756-45d1-88cd-f0083e9a25ca.png,756.0,330.0,970.0,711.0,271.0,538.0,485.0,693.0
a7714d9a-c359-4edd-94a4-c6943c437021.png,212.0,372.0,471.0,685.0,,,,
56b5c0cf-8a3c-42f2-b3e2-adb2f550c451.png,81.0,587.0,291.0,809.0,552.0,389.0,753.0,602.0
a1fb3bf8-b4bc-4dd2-9cbe-e4b2ce75789e.png,256.0,216.0,469.0,547.0,,,,
a024d155-a276-4395-826b-193fcf6a5b9c.png,621.0,365.0,803.0,643.0,,,,
477b167a-6a23-4fa4-bdd7-ed33c6ea7daa.png,565.0,436.0,849.0,788.0,,,,
cc843bab-5068-4e18-a3fd-a597faea82df.png,225.0,464.0,521.0,672.0,,,,
8a61a6c6-b600-4eb4-9bec-ea32804c03b2.png,176.0,430.0,413.0,764.0,,,,
e8868e22-3e5c-4e63-9dc7-9180b20a0b1d.png,645.0,252.0,745.0,431.0,,,,
08e84251-b9cc-47e7-9486-be7becdd1d84.png,259.0,546.0,460.0,865.0,613.0,654.0,905.0,880.0
793b04cc-60bb-4413-a2a7-36c7c56ac05c.png,231.0,439.0,429.0,725.0,,,,
cf63d55f-512b-43c8-8c84-0aedfc89f3a0.png,87.0,230.0,370.0,368.0,,,,
1792982c-8183-4199-8217-510c92805614.png,485.0,149.0,759.0,846.0,,,,
ed20cdc6-e8f7-4551-a8d5-6b360b3f9c71.png,245.0,315.0,390.0,605.0,641.0,179.0,825.0,462.0
6ce335ab-d239-408a-a771-0020cdd35cfc.png,155.0,429.0,389.0,753.0,,,,
39b06cc3-1e49-4459-bb87-b8b69bbe74d7.png,572.0,199.0,830.0,475.0,264.0,226.0,416.0,576.0
47ba820c-c63e-4efa-90af-7b88e6741151.png,169.0,181.0,389.0,646.0,546.0,197.0,804.0,636.0
fc0912c2-0cfc-420e-8c77-0fae34451d7e.png,622.0,276.0,827.0,633.0,,,,
a10bf127-bf41-4e8d-969c-63963bd98935.png,125.0,498.0,387.0,837.0,531.0,498.0,828.0,852.0
6a41e296-8bda-4f84-8766-c253246b77d0.png,596.0,495.0,744.0,648.0,,,,
6c499ba1-df4c-4b47-b81e-34ded09a9dc4.png,635.0,248.0,841.0,657.0,,,,
639a7b70-1b46-42c1-bc8d-05b1861292ef.png,310.0,422.0,501.0,853.0,628.0,401.0,861.0,854.0
7b56e6a2-be01-44b9-9ccd-a70cd5c8fbfa.png,252.0,533.0,415.0,652.0,,,,
5d5f2759-c1af-454a-86a1-5f190fa0f001.png,432.0,518.0,572.0,672.0,,,,
5c1e55b7-e799-436f-a366-d7474c644e8a.png,389.0,488.0,471.0,645.0,,,,
a5282327-a8ac-41c1-b4fa-f6a5db60d992.png,588.0,401.0,894.0,625.0,,,,
0f938aa7-9459-4c95-9b99-d0bf94cc789e.png,637.0,467.0,840.0,643.0,306.0,454.0,503.0,604.0
17c749dc-e97a-4c5c-b4f4-c68b135a1a64.png,219.0,419.0,439.0,683.0,,,,
2fba3da2-e622-477e-a8fe-8fcc06550b25.png,541.0,272.0,752.0,627.0,201.0,357.0,382.0,626.0
c3c1ef6e-055c-4f54-a7f5-d0f6eed1d2da.png,611.0,267.0,799.0,660.0,254.0,221.0,461.0,620.0
761160f0-7d5b-448c-b708-c77838def919.png,342.0,467.0,527.0,764.0,,,,
a81ed846-615a-4432-8e34-67b1169ebea5.png,699.0,536.0,988.0,886.0,,,,
aaf271c4-df7a-477f-a609-4dca15b54649.png,566.0,119.0,862.0,745.0,156.0,128.0,416.0,723.0
a4b7d67d-7e52-4b14-9897-4fa498b25d0a.png,485.0,287.0,791.0,614.0,45.0,321.0,311.0,578.0
a205b165-66a9-4bb4-9cdc-f2e1c5845664.png,193.0,162.0,463.0,521.0,579.0,363.0,766.0,478.0
80e23d5e-c9f9-4f89-ab8f-d7b1a48efd84.png,548.0,184.0,868.0,717.0,162.0,214.0,440.0,747.0
ec53eccf-e4e5-4151-b50b-d103e799a1f2.png,212.0,555.0,391.0,678.0,,,,
15c9162f-953a-48e3-a125-f2ab70ca03d5.png,529.0,156.0,831.0,690.0,,,,
3ddd8bc8-e9a2-42f2-b6fc-ef95c5a11d5c.png,269.0,380.0,425.0,677.0,,,,
68fce9ea-3122-49bd-8968-85e8f9315c83.png,281.0,257.0,475.0,712.0,654.0,198.0,945.0,593.0
b801d37a-f85e-46c2-afc5-f1d52f6dd51b.png,654.0,624.0,855.0,771.0,,,,
e1f97b99-23fc-4fb8-a960-b9e26f2920a7.png,259.0,378.0,366.0,632.0,,,,
c696ab08-acf1-409e-86ef-1e1ac9bc73d3.png,137.0,237.0,412.0,730.0,487.0,236.0,820.0,769.0
a2cd771c-cc13-4676-806e-73bd45e25373.png,579.0,209.0,695.0,428.0,179.0,124.0,456.0,439.0
81936d3e-4dda-44c0-9de4-66af23839677.png,746.0,409.0,880.0,606.0,783.0,623.0,941.0,855.0
9922146d-a19f-4889-80ca-d6f802118fdb.png,661.0,250.0,851.0,688.0,,,,
fdfce1ff-203e-4b23-a360-3803558a7f7a.png,625.0,466.0,811.0,656.0,,,,
413d1f9a-dbd3-476c-b71f-ffd23ef38b98.png,257.0,478.0,493.0,613.0,,,,
ac68e9cc-42b3-489a-8ee8-fbb28188c73d.png,103.0,383.0,256.0,676.0,440.0,328.0,681.0,660.0
8359edc2-7296-4807-91f2-97b6fa47bc7b.png,585.0,161.0,872.0,904.0,149.0,98.0,477.0,795.0
81bb8c21-7660-4f78-bcb7-1ceb2347f2a8.png,155.0,457.0,418.0,705.0,532.0,349.0,793.0,711.0
50d01d67-020b-4806-8ceb-b2838fb8709c.png,90.0,277.0,349.0,636.0,448.0,298.0,720.0,711.0
88c25715-03f5-474e-9cee-5ad1f7beb4ce.png,168.0,133.0,433.0,816.0,513.0,275.0,814.0,908.0
a0367348-011f-4ec9-9efa-144fd325ba5f.png,301.0,502.0,484.0,678.0,,,,
5bb67504-f09e-49f7-9c4c-03b43f034fa1.png,255.0,262.0,463.0,582.0,679.0,207.0,938.0,500.0
b6fd85af-1619-498c-b118-4c1191dad257.png,200.0,203.0,430.0,794.0,585.0,211.0,717.0,413.0
8445fce3-aa62-44de-aba5-3750dd837d8b.png,171.0,439.0,522.0,748.0,,,,
aceadc8e-a025-4184-af7c-20325cb516a3.png,660.0,503.0,831.0,828.0,243.0,402.0,414.0,691.0
4e27dfb7-0951-4b29-9851-b28d24f9b9f3.png,279.0,296.0,472.0,548.0,,,,
0953df2c-f969-4fa1-a872-022475ecd5ef.png,168.0,325.0,400.0,618.0,509.0,310.0,704.0,611.0
64917123-823f-4c01-a0d6-06bdfd899a6c.png,630.0,284.0,900.0,748.0,242.0,260.0,482.0,767.0
87bea6bd-4a01-4fad-8621-8e641e09dcad.png,499.0,489.0,837.0,950.0,2.0,383.0,328.0,672.0
0e7d10d2-e99f-4e30-826c-2d0a18edbc74.png,706.0,209.0,850.0,547.0,223.0,216.0,416.0,372.0
bdb97b05-a8f7-4cdc-852f-f5398582eeb8.png,177.0,520.0,442.0,728.0,668.0,569.0,903.0,823.0
c8aa0068-f21c-442c-9487-afbea7b126a3.png,322.0,368.0,513.0,580.0,,,,
bc054c4c-280f-4e1d-9b93-9563cd368aae.png,544.0,115.0,797.0,652.0,187.0,92.0,406.0,541.0
379b5fc2-ad30-4dd5-be88-a633ff87649c.png,43.0,167.0,407.0,793.0,572.0,161.0,898.0,941.0
397acd9c-a9ca-4e8e-bb6c-3e6c7afc6d53.png,614.0,312.0,917.0,825.0,193.0,279.0,432.0,706.0
9569c848-ec76-418d-b8f4-6fe8cf77d882.png,592.0,564.0,851.0,784.0,,,,
7d3b3dd0-2fa5-43dc-a84b-673bc0eebaa7.png,734.0,379.0,881.0,603.0,295.0,387.0,540.0,812.0
a95a4817-482e-48bd-96bf-c661573e7032.png,171.0,446.0,401.0,825.0,581.0,556.0,921.0,873.0
70b0ae1e-ee05-4bdf-a35f-0d7eac98e3cb.png,656.0,346.0,826.0,608.0,,,,
8f96a6fe-81f4-4b69-a2f2-8477b9ea9772.png,709.0,505.0,886.0,795.0,272.0,476.0,515.0,834.0
aeac2576-33b3-41a1-bf61-355103e4d3ea.png,472.0,344.0,772.0,764.0,124.0,378.0,349.0,743.0
4b6f8c4f-f093-4b85-a22f-4e5da0be7eeb.png,476.0,139.0,853.0,761.0,108.0,163.0,448.0,775.0
bcbcf3f5-244b-4979-9405-9cfe410b37a7.png,185.0,541.0,363.0,700.0,585.0,562.0,807.0,737.0
1328013e-dca0-497b-9523-072bc6b23e17.png,221.0,341.0,426.0,806.0,706.0,554.0,884.0,864.0
0bbb1ff7-dba6-4d5b-affe-b3ca0050d965.png,65.0,445.0,330.0,700.0,,,,
1839045f-af6a-430b-8771-c984f87799b0.png,596.0,423.0,829.0,639.0,,,,
93351a14-30a7-494c-a02b-7f2d72c724c8.png,612.0,161.0,840.0,713.0,266.0,101.0,492.0,649.0
fe5e5a88-1f1d-4abf-9a40-03517c3260ba.png,120.0,541.0,267.0,719.0,,,,
a7a4389b-29dd-409d-82b7-edf2633032a8.png,233.0,565.0,561.0,879.0,680.0,549.0,997.0,897.0
11827075-47dd-4f3c-a7b5-aae992cce35b.png,591.0,650.0,722.0,774.0,223.0,480.0,432.0,724.0
b480a222-9ff6-445e-a911-e5a4161eff10.png,124.0,338.0,369.0,604.0,597.0,435.0,824.0,679.0
55d80d80-afcc-4b9e-ba27-fed14edd99b6.png,790.0,350.0,885.0,507.0,,,,
aa47c55a-7cf7-4105-9132-de080664f052.png,525.0,103.0,900.0,906.0,,,,
bf1e2342-1f62-4f96-a616-e0a279d9ba42.png,259.0,288.0,495.0,732.0,659.0,301.0,910.0,789.0
f3142a9f-b625-41d9-a7b7-9a4aba0c2abb.png,136.0,659.0,317.0,788.0,685.0,415.0,879.0,745.0
c4ac5bf6-b3be-4acb-b8c8-a3d9d2a99647.png,622.0,458.0,795.0,665.0,216.0,381.0,361.0,653.0
37abb6cd-4189-4750-bfdf-faf6bad1b233.png,666.0,280.0,987.0,833.0,312.0,354.0,548.0,767.0
2d09d0bb-a4fb-4a50-99c4-496ad756533e.png,199.0,663.0,387.0,733.0,,,,
3817e718-4a42-4d67-a34a-ab1a4b9d52b3.png,265.0,311.0,419.0,510.0,,,,
188713c0-6005-47fd-a5b4-62d3c9119c0d.png,177.0,367.0,371.0,733.0,493.0,449.0,775.0,799.0
826361cd-08ae-49c4-b535-25a4f14026f8.png,626.0,152.0,888.0,556.0,352.0,323.0,514.0,726.0
dd50a2c2-471a-4faf-8f78-99eaedd5147b.png,146.0,477.0,304.0,608.0,556.0,343.0,761.0,671.0
3c9b55d0-d7a4-4ece-99e0-3393bf619e70.png,129.0,170.0,354.0,737.0,532.0,189.0,802.0,822.0
4b85f617-4e30-404c-b9c1-5e9b8776dfba.png,343.0,264.0,565.0,792.0,678.0,290.0,927.0,796.0
9b2d7e34-af22-45b1-a619-4995b7118919.png,602.0,258.0,862.0,614.0,213.0,498.0,474.0,881.0
b1e7b5cd-f1b6-400d-b62a-57e6c45c663b.png,689.0,196.0,889.0,640.0,358.0,202.0,543.0,608.0
c358e0be-cac6-4918-8f61-1953178f0ec5.png,617.0,144.0,849.0,742.0,231.0,119.0,462.0,662.0
ac7bdc8e-b181-41c1-8186-f12472ad3899.png,150.0,490.0,350.0,816.0,525.0,394.0,794.0,911.0
e2afc0f1-dd1f-4de6-8e82-8cb89e1d7463.png,335.0,600.0,508.0,865.0,714.0,472.0,890.0,709.0
acbf5ac9-25e8-4aba-8ab9-1b497c22e284.png,172.0,355.0,450.0,817.0,582.0,393.0,836.0,926.0
3e7fc50e-d9ae-4b91-909d-1ea4cc9ddcb1.png,574.0,135.0,876.0,757.0,160.0,146.0,509.0,789.0
54992aed-342d-4ef3-b938-ed89aea56d7e.png,138.0,310.0,414.0,727.0,544.0,404.0,801.0,751.0
bfc43f55-c88e-4ad4-90ff-a0d465862d6f.png,645.0,102.0,853.0,548.0,236.0,69.0,512.0,635.0
4f7604aa-98ef-43c5-a0f4-6b4b043bd7dd.png,496.0,272.0,718.0,639.0,241.0,201.0,452.0,544.0
a21dc214-0756-48ec-9b5b-16ca1bb243b0.png,597.0,231.0,784.0,629.0,,,,
bdbba1b5-1a3f-4ee4-9044-565baba3f976.png,664.0,248.0,841.0,768.0,243.0,180.0,477.0,728.0
fa8f46e9-4e03-49b8-92c5-3432a300cb7e.png,235.0,527.0,385.0,690.0,533.0,707.0,735.0,845.0
bf6e8629-59e7-4866-8033-65db70e55b14.png,193.0,180.0,487.0,723.0,554.0,84.0,847.0,548.0
bdc61d06-50cb-4f97-914e-eba06a7f6552.png,358.0,536.0,508.0,803.0,737.0,543.0,952.0,841.0
ab514814-ddbf-46df-b913-650244f68f48.png,105.0,529.0,387.0,782.0,497.0,271.0,748.0,791.0
69a4ab5a-da8a-4a93-9d83-801a700003e8.png,179.0,405.0,456.0,662.0,626.0,367.0,849.0,643.0
56ca817b-e17d-4b2b-95c8-d544a7786124.png,637.0,241.0,847.0,454.0,,,,
3dcc0fa9-312e-427f-9a03-132bcb72b3e0.png,265.0,148.0,454.0,581.0,611.0,436.0,815.0,650.0
b3ff1c40-552b-44f9-9cc9-4362905f5eef.png,213.0,341.0,475.0,808.0,584.0,262.0,932.0,680.0
3642d117-1150-46a2-9e21-1cc388f1db2f.png,193.0,100.0,458.0,753.0,583.0,110.0,885.0,790.0
3a62a3c3-ad7c-4164-a473-939b599fb5be.png,335.0,203.0,560.0,615.0,677.0,153.0,877.0,540.0
3adf7f71-3ded-406d-a08c-a61d152f78dc.png,141.0,250.0,404.0,841.0,554.0,297.0,852.0,891.0
0edcf2dd-71fe-4108-9303-24d51b4faf72.png,186.0,421.0,369.0,609.0,612.0,549.0,747.0,741.0
b89ae0ff-5e01-482f-9c6d-6468d734ef02.png,153.0,550.0,348.0,745.0,554.0,551.0,774.0,797.0
b31ed450-b8e6-4339-8283-dbb754a9094e.png,571.0,433.0,800.0,635.0,,,,
3c183f4c-967f-41e5-a87a-d8dd5aac0fde.png,388.0,397.0,534.0,596.0,686.0,401.0,813.0,579.0
31d565cd-7b80-48ab-a86d-c5aaec5b4505.png,613.0,319.0,769.0,590.0,281.0,390.0,441.0,654.0
bfbf1dcd-242c-4f22-8ef3-f72c8295535f.png,598.0,531.0,866.0,732.0,91.0,489.0,422.0,731.0
60930f08-9007-42ae-8c36-68442442c6b0.png,297.0,723.0,468.0,876.0,,,,
393288db-4195-4b6b-a380-053c20aecf81.png,181.0,220.0,418.0,657.0,502.0,216.0,732.0,634.0
f652df75-c199-44a9-870b-54f68aae814d.png,683.0,565.0,845.0,722.0,170.0,436.0,382.0,658.0
bc15aa77-4017-4833-b947-42324d271764.png,270.0,549.0,489.0,720.0,677.0,489.0,949.0,800.0
be4c4017-e382-46f5-9a6e-d98f5a81ad73.png,524.0,227.0,778.0,709.0,157.0,174.0,359.0,705.0
ee3d45f9-5a4c-421d-a171-be0d8129e43d.png,277.0,479.0,402.0,581.0,,,,
c3d8144a-2426-4e80-80c0-651dfe0116e8.png,139.0,142.0,378.0,580.0,502.0,200.0,711.0,692.0
b01c73b4-b417-4f83-8996-6448caa89c0e.png,200.0,300.0,470.0,967.0,553.0,264.0,826.0,957.0
1b7f9ebf-bd1c-4195-9186-d6adb65945ee.png,348.0,313.0,470.0,696.0,,,,
60370334-2b17-4c9d-a05b-b5746bdaa3b1.png,200.0,571.0,302.0,731.0,,,,
88042e91-0b4a-48d9-958e-0d32af897545.png,209.0,492.0,406.0,660.0,,,,
464a8cdb-4e55-48de-b61f-72edb6992e0f.png,323.0,203.0,540.0,640.0,620.0,206.0,884.0,633.0
b450fa50-1d6d-4e97-b843-fc0fe530d2ff.png,577.0,448.0,808.0,740.0,,,,
e65529f2-45df-4020-adcc-7de1996c38e8.png,193.0,751.0,382.0,983.0,,,,
57ddcf7d-96d4-4529-a2f9-9d3c9d25ca89.png,703.0,341.0,786.0,479.0,,,,
7efc355d-92be-4776-8134-7c3daa100a00.png,259.0,252.0,423.0,348.0,605.0,194.0,718.0,305.0
3b18606f-8f64-4492-9438-235228fc1ae1.png,228.0,168.0,422.0,731.0,,,,
9ebc1edb-315f-4f0f-bc9b-dfa933bc67d3.png,175.0,83.0,412.0,448.0,,,,
b6158255-d002-48a7-a283-af4ad2d8874a.png,219.0,566.0,395.0,725.0,681.0,626.0,909.0,842.0
aef45568-9947-4c75-83d8-3643210d9c3b.png,280.0,495.0,500.0,665.0,646.0,471.0,943.0,665.0
af33db14-7cd0-4a94-90a3-6d912c1b2d1f.png,577.0,222.0,855.0,877.0,134.0,256.0,424.0,858.0
33df5e75-0b13-4c2b-b217-a0b32e3fc396.png,541.0,235.0,859.0,865.0,117.0,195.0,386.0,780.0
05ead813-3c04-4e42-a5e1-4ca43294ece9.png,563.0,619.0,897.0,860.0,,,,
f11abf44-b267-458c-ae67-e1167124f5e3.png,275.0,281.0,428.0,502.0,182.0,643.0,445.0,827.0
cb815f3a-5014-4bbe-9e34-828149ba9f6e.png,568.0,259.0,792.0,676.0,237.0,310.0,469.0,666.0
09eed5c5-e0e9-463c-b6f7-24e2de881287.png,180.0,324.0,475.0,640.0,,,,
b76086b3-9550-44f9-a2a8-394c7793bac8.png,305.0,331.0,499.0,638.0,659.0,388.0,841.0,720.0
aafca7fa-b482-4e37-bbc4-96da4b744847.png,656.0,156.0,892.0,764.0,230.0,114.0,506.0,673.0
37a63005-ac07-4f34-a770-3ffa029478c6.png,650.0,259.0,906.0,889.0,245.0,261.0,507.0,889.0
c5a27c73-aef3-407e-9724-333e97a583c9.png,551.0,445.0,777.0,749.0,,,,
98ccc363-75a5-4b0e-b1c9-2cf36baaa657.png,160.0,451.0,367.0,746.0,,,,
686caa6d-9f3c-4a1c-87fb-84063fe336ed.png,576.0,372.0,701.0,565.0,,,,
1169aece-61f6-4843-8abe-f2b11265d2fd.png,250.0,232.0,509.0,708.0,,,,
28dfbd38-b24a-4cfb-a355-34c226dd2aa2.png,622.0,585.0,848.0,918.0,,,,
60c027e6-b1fc-4064-9e9a-2301d520a19a.png,375.0,469.0,493.0,695.0,,,,
56a9a226-789b-428e-a1bd-303f4d7a2f1e.png,254.0,366.0,371.0,687.0,562.0,356.0,753.0,704.0
cf81cc61-16b5-496f-999d-d34b434a9cde.png,161.0,208.0,465.0,610.0,,,,
b6f979aa-64e3-4211-a69d-fbe8151f6ac4.png,611.0,95.0,854.0,886.0,182.0,172.0,470.0,843.0
55521950-18eb-4dd0-abc3-52e52466fcdb.png,364.0,273.0,580.0,727.0,44.0,284.0,266.0,672.0
f4b33c44-a7c1-4a14-a094-34bf19b38fd5.png,609.0,689.0,834.0,837.0,,,,
504cbf6f-b20a-4a8b-8d78-e4016bada396.png,210.0,536.0,458.0,766.0,597.0,496.0,865.0,792.0
bf70fe89-62f9-4df6-9372-71e16debdb5b.png,55.0,222.0,338.0,811.0,480.0,279.0,729.0,897.0
e9bf3ff2-086e-4ece-a12c-2fc9376a54de.png,281.0,651.0,432.0,832.0,,,,
fcf5cd90-1a5d-4e45-925e-ff82dcbdc0ad.png,289.0,307.0,423.0,441.0,250.0,515.0,432.0,681.0
e75caca3-22a7-48dc-9b2d-d6e19db6bb29.png,214.0,230.0,345.0,487.0,192.0,598.0,332.0,726.0
7227e6d8-8eb3-40a6-80a5-27950bc9ce97.png,666.0,328.0,841.0,714.0,352.0,303.0,562.0,689.0
4f4289e7-3e09-4934-ab15-bd5c25546061.png,691.0,359.0,929.0,785.0,331.0,375.0,594.0,807.0
d4b3478b-d430-4c89-95b5-1c1c27c8eb71.png,298.0,380.0,468.0,534.0,,,,
0b0073e0-9c19-4da4-88f2-b3d2ebc6f1f4.png,576.0,464.0,900.0,765.0,173.0,496.0,424.0,776.0
3066b0e3-9a51-4628-bc5f-82dc78c9d558.png,640.0,350.0,857.0,696.0,281.0,403.0,470.0,709.0
ce97b66d-f5d4-490e-8a6f-2b926011eae7.png,207.0,395.0,484.0,800.0,,,,
586ad370-dafd-45c0-9801-a89e7e20380a.png,628.0,347.0,828.0,576.0,357.0,407.0,506.0,578.0
34d37f0b-6aeb-4af0-b0cf-f4516a3035af.png,227.0,614.0,416.0,746.0,,,,
0bed2d9d-8a11-41d9-b312-41f8c93791f7.png,256.0,209.0,453.0,454.0,,,,
3a6c8986-b679-43a4-aa31-9e9e59b5d79b.png,561.0,178.0,775.0,724.0,234.0,181.0,422.0,690.0
08af877f-f833-4d4f-b64c-24e014d63311.png,296.0,356.0,635.0,710.0,,,,
c205b0ee-cc92-47b5-967d-8d473300d052.png,225.0,348.0,387.0,796.0,585.0,355.0,816.0,802.0
78b4b710-15b7-4ea3-b761-c2371594cbf1.png,592.0,512.0,808.0,658.0,,,,
768e5d7f-10c8-45c3-98e1-7487f808a42d.png,270.0,544.0,409.0,778.0,,,,
c0018701-b726-4c75-b5fb-686be2d8b00d.png,634.0,548.0,832.0,821.0,247.0,461.0,463.0,707.0
2e853bc6-714b-4092-b570-ec70dcc13911.png,553.0,141.0,795.0,630.0,174.0,154.0,381.0,654.0
35477f5b-9747-4f99-b1ce-7c97150cccfd.png,576.0,520.0,701.0,649.0,165.0,509.0,366.0,652.0
3c6cc4e8-ab85-4053-9844-4f9eded69eec.png,567.0,245.0,800.0,682.0,145.0,199.0,395.0,647.0
84032d11-9143-45a2-b3e9-955f9dc4b497.png,169.0,521.0,393.0,744.0,585.0,521.0,793.0,759.0
7332ae2f-48af-425e-971c-81092e98187d.png,294.0,563.0,511.0,677.0,,,,
7a1e02f8-4965-4364-918b-83d3422f931b.png,187.0,399.0,333.0,708.0,632.0,489.0,776.0,749.0
b1d07564-9432-4844-b8f7-0b968e3b9683.png,635.0,223.0,816.0,493.0,,,,
b97e765e-a0c1-4f91-b62f-07df0bae33a7.png,278.0,323.0,500.0,532.0,,,,
2f6374c9-baec-4236-acb4-a3815dc8243a.png,299.0,381.0,397.0,499.0,588.0,255.0,756.0,595.0
8e4e52f9-8212-4a0a-bafa-85cdf3859e5f.png,184.0,488.0,478.0,862.0,618.0,223.0,938.0,721.0
a563cfdb-338f-491e-b370-10a7b2e36982.png,212.0,410.0,515.0,678.0,,,,
3b8f18ac-4583-4d1f-b3d5-27b8ee43f5e2.png,242.0,183.0,462.0,798.0,619.0,222.0,822.0,918.0
bda1d8b6-2a74-41c3-8cef-3ff7864e4613.png,625.0,430.0,900.0,705.0,205.0,443.0,445.0,738.0
aa1b6c09-41c6-4782-8572-c9986505cbfb.png,635.0,503.0,923.0,681.0,,,,
387126a9-0e30-4e23-94cf-e2a6811e6d47.png,238.0,527.0,454.0,827.0,,,,
660f30ba-71a2-4066-a469-0aeacd155d2c.png,280.0,419.0,434.0,601.0,,,,
34297b7d-9e22-4e73-b105-a8db72ad36ee.png,241.0,549.0,418.0,690.0,,,,
b9c412cd-9953-427b-97fc-e97cfbd1b465.png,252.0,127.0,435.0,569.0,623.0,106.0,869.0,658.0
905fcc4a-7a63-4326-9e55-2e8a9ecf1d9c.png,202.0,498.0,525.0,855.0,637.0,481.0,938.0,845.0
70d7f4df-5497-4205-a36b-e47b58145fa2.png,571.0,184.0,862.0,680.0,225.0,276.0,478.0,697.0
cd928ddc-4bd4-4307-a659-4900fd70507e.png,139.0,380.0,386.0,770.0,491.0,448.0,781.0,815.0
a7a08920-e6ca-4638-a59b-ac10d5e58c8c.png,261.0,636.0,460.0,786.0,,,,
b2dab5c5-79bb-44c1-9051-7189d2a9aab9.png,236.0,294.0,440.0,722.0,,,,
ae6db66f-c029-41c5-aeea-a936884d577d.png,111.0,480.0,317.0,904.0,,,,
b0d3f19f-10f9-487b-9cf8-8c2d6dc5d746.png,639.0,348.0,836.0,566.0,,,,
bc6dd946-0b3f-445f-8d78-3cc39a0b14ae.png,615.0,341.0,838.0,569.0,,,,
71576c22-51ce-4510-98d8-6933e0b9b810.png,659.0,404.0,809.0,803.0,279.0,301.0,439.0,598.0
3b266180-6af2-4859-9576-17fd9ab9fff1.png,548.0,197.0,853.0,815.0,102.0,192.0,419.0,779.0
94ae3bbb-8079-4a25-bd9b-5aaabfb38948.png,518.0,191.0,896.0,919.0,,,,
72667b71-9dee-478c-b49d-cade9780abd7.png,626.0,317.0,859.0,825.0,242.0,270.0,464.0,854.0
41560731-6e3f-44b9-b951-e789bb8e0cc8.png,263.0,630.0,527.0,873.0,617.0,627.0,936.0,933.0
49300dbc-f609-4c80-be6c-808222542479.png,566.0,182.0,853.0,665.0,185.0,210.0,483.0,664.0
cfb88e62-c5d6-415c-87d1-7be3238de1d5.png,532.0,502.0,803.0,884.0,194.0,507.0,413.0,902.0
3d7fb4b4-5e62-4591-aa4d-cbbc1ca3ffb7.png,31.0,474.0,366.0,778.0,598.0,519.0,876.0,843.0
c2016b1b-e24d-4eaf-af0f-14cf6f0bd9ad.png,295.0,319.0,419.0,611.0,639.0,363.0,766.0,647.0
d783664a-fef1-4959-8d09-79c25870dfe7.png,289.0,616.0,519.0,929.0,,,,
8a108521-47c7-486f-b172-f1c3c3252fc8.png,435.0,154.0,606.0,429.0,106.0,109.0,339.0,480.0
f1ba9810-861e-4ffc-8fbf-242d5da8e80d.png,598.0,185.0,823.0,788.0,168.0,251.0,394.0,776.0
0f831256-0a69-4fe5-9719-1563d2b6b7b9.png,166.0,535.0,300.0,814.0,,,,
93eb36cf-5356-4be3-b740-1c4d7a842741.png,272.0,298.0,465.0,714.0,579.0,309.0,765.0,599.0
17af8e70-3af0-4a47-a5ba-f16938c87c7e.png,153.0,418.0,373.0,867.0,,,,
2d5d4cc5-5633-4718-ac7a-61bd0c7dbf4f.png,292.0,370.0,396.0,456.0,,,,
b0b71bfa-9d78-4325-87e9-7b5f03d6cc99.png,137.0,382.0,340.0,644.0,,,,
b81ba5b1-ad7c-4217-9467-0f1fbc0a9fd4.png,232.0,390.0,479.0,761.0,635.0,400.0,892.0,823.0
3705e8a9-bda4-43dc-8671-5f3bb5e1ff8b.png,257.0,274.0,488.0,629.0,,,,
bc98df56-4ee4-48a7-b8ad-d54f814cc806.png,73.0,151.0,360.0,666.0,486.0,348.0,693.0,768.0
b21091fa-70ab-432b-a05d-edfa6674cf9f.png,581.0,456.0,816.0,719.0,176.0,396.0,393.0,635.0
de021bc5-eacc-4c73-a8c2-7f98d5467c52.png,609.0,611.0,847.0,766.0,,,,
2ce34f96-40b4-4d2a-b6a1-c7e21e6db8a1.png,269.0,493.0,487.0,811.0,,,,
ca390006-726d-4c9c-975b-616f135d0aee.png,235.0,237.0,391.0,555.0,551.0,256.0,781.0,617.0
86a6c564-e88d-4a30-9dc7-cddbab5773b5.png,495.0,91.0,717.0,511.0,,,,
628a64f3-01e6-48ae-9430-57e5a4f7b188.png,632.0,352.0,741.0,514.0,223.0,479.0,424.0,736.0
a4cc8800-73db-4fdf-94c0-8b15b7777bf4.png,219.0,293.0,459.0,673.0,,,,
fe16b6d8-add2-4d0d-b052-96b1986b67e0.png,755.0,472.0,914.0,807.0,215.0,374.0,428.0,767.0
342868be-14cd-4700-82c6-575f62097e6e.png,409.0,553.0,549.0,770.0,667.0,542.0,900.0,741.0
ab96fe46-8079-448d-a9e2-76b8e096e6ae.png,653.0,636.0,897.0,804.0,210.0,659.0,385.0,804.0
8aa9d5ca-5419-4abc-8819-66a2d37c8c68.png,49.0,113.0,227.0,541.0,482.0,84.0,848.0,593.0
bb50d849-8c22-4e5a-8607-a14c01772941.png,188.0,226.0,450.0,808.0,566.0,217.0,831.0,863.0
7b8e6b7c-06c0-4006-8cbe-f1d92edeed07.png,745.0,282.0,872.0,559.0,323.0,305.0,451.0,550.0
bc7b5348-574e-49a2-a20a-719d942a9c31.png,204.0,139.0,416.0,573.0,,,,
8006bb8d-236f-470f-8a76-2dd20eafcd70.png,633.0,530.0,849.0,903.0,,,,
49678901-b2d5-4516-8b44-ff230809f781.png,558.0,290.0,797.0,863.0,223.0,321.0,448.0,848.0
1f458170-a4e7-447f-a157-2b44e85f1e6c.png,630.0,610.0,830.0,779.0,257.0,325.0,388.0,485.0
721ca747-d0c2-45c2-adf3-4c3640034519.png,309.0,508.0,471.0,614.0,,,,
b839c760-a39d-4d15-8c87-ab2ea5f572c6.png,657.0,383.0,818.0,566.0,129.0,521.0,344.0,754.0
bacb9e6d-ad87-4841-99e0-685aa0249bbe.png,260.0,383.0,467.0,613.0,628.0,297.0,862.0,586.0
1d9ec3ad-0120-428b-9778-3805f9348092.png,168.0,485.0,370.0,613.0,,,,
06bc1519-c307-4a98-b00b-8329f2ddf615.png,217.0,325.0,511.0,581.0,592.0,253.0,904.0,681.0
cd064f36-a22d-4614-a4c5-96c2d36bbe7c.png,510.0,420.0,729.0,853.0,114.0,231.0,326.0,791.0
3a146de9-9044-4abc-b15c-e7e0d18a0704.png,555.0,206.0,829.0,858.0,142.0,159.0,423.0,819.0
e89dadae-bdbf-4f2e-a4a1-d2d56abf0d48.png,696.0,360.0,839.0,610.0,,,,
bef1fdfe-b4a3-4170-88de-d57338d602ac.png,585.0,275.0,759.0,493.0,333.0,352.0,458.0,609.0
061664a4-6a23-4cb2-a0da-0c5712b6e0a6.png,629.0,124.0,998.0,748.0,275.0,194.0,582.0,692.0
ad463d4a-996c-4f96-90ad-1bb3594e5a90.png,604.0,413.0,789.0,579.0,,,,
31b33ec5-c46a-462c-a933-36a361673a2b.png,644.0,634.0,839.0,790.0,197.0,616.0,443.0,728.0
efa863b3-24a7-4688-9015-e656c933d04c.png,225.0,469.0,409.0,590.0,,,,
b9a50c1f-4b93-4a91-963f-a8d06fe077ee.png,150.0,212.0,423.0,696.0,587.0,468.0,944.0,773.0
6a82ef54-9e27-4c55-afba-47298ad088c9.png,236.0,512.0,349.0,602.0,,,,
73d61528-0457-4796-9ccf-6d23f76bdd73.png,762.0,381.0,913.0,592.0,317.0,438.0,442.0,569.0
8afb5369-59d4-46c5-96e2-700291f598c8.png,224.0,154.0,502.0,868.0,621.0,185.0,872.0,899.0
fbd80ae9-ddf4-414f-a6ab-77da639c33c1.png,581.0,384.0,779.0,746.0,114.0,402.0,313.0,710.0
a70f69e6-aae3-459e-a3dc-175a2bcae6b9.png,219.0,366.0,448.0,718.0,,,,
af2a57e7-e519-470c-9dcb-2916e34e986b.png,266.0,614.0,477.0,922.0,,,,
d9728525-2c4b-4526-bbf7-873831872a20.png,227.0,474.0,477.0,674.0,,,,
05dad446-45f7-44df-bd2f-4673d9502348.png,138.0,405.0,419.0,624.0,,,,
916de1f3-688e-4d39-bd41-db3f653e90b8.png,259.0,131.0,483.0,807.0,626.0,545.0,891.0,824.0
b60cbe83-66f7-44c1-b5c6-a407e3e2f930.png,274.0,477.0,453.0,659.0,,,,
388d9b4f-6c31-44ac-b878-8f5c3843fd1f.png,731.0,412.0,914.0,604.0,215.0,437.0,419.0,611.0
56b6f280-7857-4623-8f9d-4f0c69dc71a6.png,654.0,487.0,863.0,694.0,,,,
d6931240-6770-4832-a4b8-4a47dd51c0ac.png,143.0,314.0,291.0,482.0,,,,
188218bc-84f2-4103-8e34-0dd6d3103b2f.png,533.0,378.0,805.0,657.0,,,,
59cdf0f8-72cf-414c-8c16-1140498012c0.png,624.0,525.0,773.0,655.0,212.0,576.0,398.0,696.0
3592ae43-bcf5-48e8-9cca-680c9a724831.png,625.0,191.0,824.0,583.0,375.0,206.0,536.0,572.0
ecfe8040-c2e5-45d0-9ee7-d1a6963270ca.png,176.0,391.0,315.0,743.0,,,,
8e09afee-7a2c-4a53-84ed-ed2dad8d02be.png,698.0,395.0,893.0,652.0,,,,
b62a6a88-6ad1-43cf-ad59-6d171e89b265.png,587.0,340.0,837.0,675.0,,,,
18dea804-4283-4c5c-94ea-47c42bbb619e.png,83.0,163.0,409.0,803.0,494.0,132.0,847.0,821.0
2e02f4ce-3130-42b9-af78-997942bc4f38.png,150.0,488.0,351.0,634.0,,,,
be03b6e9-e030-4491-b23e-ac1d7efc73bb.png,254.0,150.0,544.0,422.0,684.0,461.0,919.0,736.0
c9ed35c2-1563-47e5-9411-b34f2e9f36ca.png,158.0,469.0,437.0,633.0,,,,
3a9cc5df-5d6a-4401-bd8e-8cd1f0b27285.png,276.0,372.0,469.0,662.0,,,,
7d3f2d28-c21b-4a64-940c-c635176f35e1.png,676.0,445.0,885.0,766.0,296.0,250.0,468.0,419.0
b5ea0a2e-1122-4183-931c-8027caf1eb8d.png,119.0,104.0,366.0,695.0,487.0,232.0,693.0,868.0
a6cbb3dd-75ab-4671-a6b0-9a51c04a81ec.png,234.0,502.0,463.0,850.0,592.0,581.0,809.0,867.0
855d0926-1ae6-403e-a08d-85bd8bae4941.png,225.0,341.0,471.0,527.0,686.0,467.0,921.0,625.0
08c343b6-9dc4-405b-87b3-b6534abcb990.png,583.0,410.0,883.0,846.0,181.0,209.0,527.0,807.0
35147425-e8f1-494b-8cce-74252c0578d6.png,594.0,414.0,816.0,611.0,194.0,445.0,424.0,661.0
14fb269f-0b01-43c0-ac49-74f8394a6353.png,552.0,473.0,832.0,901.0,281.0,511.0,501.0,938.0
d4ca6e9e-68f7-4218-810c-a4bba17e37f7.png,351.0,328.0,558.0,599.0,,,,
0ad9934b-bf35-497d-8082-1ecbc955d6de.png,341.0,214.0,546.0,441.0,,,,
dda53143-9bcc-4c5f-aca6-970626733e17.png,242.0,570.0,398.0,635.0,,,,
4db53f6a-d873-4ef7-b321-f505473504e6.png,628.0,185.0,862.0,560.0,293.0,161.0,507.0,554.0
bfdffef0-de93-45a5-a743-af5e2b3ac681.png,249.0,278.0,536.0,704.0,678.0,299.0,923.0,737.0
51e9d4d8-3c7e-4ad2-95ce-22aa2ff7da7e.png,282.0,304.0,512.0,694.0,636.0,346.0,879.0,717.0
18f349ea-e436-443c-a040-c07c705f9989.png,591.0,94.0,945.0,779.0,217.0,92.0,490.0,758.0
1c5435c1-431c-4815-a50e-6c20dc2d929e.png,206.0,513.0,379.0,652.0,643.0,268.0,735.0,418.0
dbfc2da5-fc7e-431d-b05d-9a0b580c357f.png,171.0,531.0,337.0,636.0,,,,
b18b104d-6a96-4402-9e0f-64ca63b4f1ec.png,293.0,506.0,505.0,772.0,,,,
39693e31-b11e-4cd5-a626-2862cb0ede1d.png,567.0,476.0,693.0,610.0,251.0,394.0,378.0,582.0
b492b982-f9b7-4775-ae62-6e9f1c39cb4f.png,146.0,498.0,347.0,783.0,,,,
b99ae612-3a2b-4575-a6cd-b00c2e27c56a.png,639.0,432.0,822.0,689.0,339.0,378.0,496.0,614.0
8be52575-7877-41c2-a1cd-cb16915273b6.png,243.0,153.0,445.0,395.0,149.0,502.0,398.0,707.0
619f82fc-2d14-469f-8d00-4d7f2db77c1a.png,233.0,245.0,369.0,665.0,588.0,323.0,765.0,721.0
17398977-1b0f-4de4-9038-9c8cb7406c82.png,605.0,441.0,954.0,943.0,,,,
d1a0f88c-35bd-4d9d-8b5e-c2641761cb05.png,163.0,207.0,443.0,665.0,,,,
22e76fb4-c74e-4cc3-820a-832a4467dac6.png,228.0,551.0,383.0,807.0,553.0,537.0,739.0,802.0
911027e5-82d0-44f8-af40-de9049922430.png,627.0,294.0,855.0,863.0,281.0,336.0,541.0,1016.0
a37a99cb-7e48-48e4-a7f9-7740ba109954.png,525.0,434.0,775.0,708.0,,,,
abff4044-3c0a-458f-b0c7-04254be7fc0c.png,179.0,512.0,377.0,689.0,518.0,529.0,717.0,725.0
cd4f439d-61be-4ecb-bc27-383f9cd29569.png,255.0,447.0,511.0,799.0,597.0,482.0,853.0,815.0
095d6b7c-fa53-4f06-90b9-5c5f76038f04.png,603.0,378.0,876.0,775.0,139.0,549.0,355.0,709.0
05632b7f-f4c5-4d67-aa93-8f3c04eb7937.png,696.0,622.0,939.0,836.0,,,,
f9651c64-a88f-46fd-9ca1-63a55f50873c.png,164.0,306.0,376.0,614.0,,,,
bc407298-ee2e-4723-b4ec-58f4603ce88d.png,540.0,388.0,828.0,664.0,,,,
1b5c50df-36c2-4b74-85f0-84925fa63ac1.png,624.0,481.0,806.0,761.0,194.0,507.0,393.0,708.0
910ea9c6-196b-47fb-97b1-763ab080fc3b.png,430.0,178.0,716.0,875.0,95.0,145.0,319.0,734.0
bbafb79d-3419-47a4-97f0-1cb8c64feb24.png,625.0,463.0,833.0,737.0,239.0,372.0,441.0,732.0
120fd100-b447-4ec9-b4fe-3cdd3f0496e9.png,203.0,443.0,431.0,846.0,534.0,366.0,835.0,931.0
35f287e7-12d7-41f4-a5e9-711086bd031d.png,230.0,142.0,488.0,675.0,648.0,227.0,903.0,776.0
a7a30231-a1b4-4305-ad66-6a707a27a1a4.png,549.0,168.0,846.0,882.0,237.0,313.0,475.0,494.0
b56cf994-fd52-4c8f-8304-b820f397b954.png,231.0,215.0,473.0,757.0,611.0,242.0,916.0,816.0
0742a7f3-5f8e-474b-bd1f-0ba8ba9a6b19.png,150.0,266.0,412.0,717.0,561.0,312.0,779.0,799.0
00a05408-8291-4231-886e-13763e103161.png,156.0,187.0,329.0,558.0,491.0,194.0,647.0,416.0
b6485351-ddd3-4bae-9b4e-6038370e827b.png,122.0,219.0,393.0,945.0,541.0,222.0,878.0,993.0
b915ae1a-346d-4e9f-b1fd-a72e0a78a864.png,683.0,316.0,936.0,647.0,296.0,337.0,476.0,595.0
398cd60c-17b9-44bc-8547-5cb6b6dad714.png,223.0,542.0,406.0,675.0,,,,
79255e97-c107-47ee-918c-6eba3081f3bc.png,550.0,623.0,694.0,716.0,,,,
f9715e1e-5d0f-4616-9bb4-c98e105acab1.png,332.0,289.0,471.0,584.0,630.0,312.0,766.0,597.0
47761814-5258-4ba7-879c-a60bb9f68029.png,552.0,214.0,802.0,726.0,240.0,158.0,474.0,661.0
40668cfa-55dd-40a3-86c4-805dd9d32202.png,541.0,265.0,701.0,685.0,159.0,267.0,367.0,713.0
9f9e35d3-2032-489f-8729-474a160fa176.png,600.0,528.0,908.0,784.0,,,,
bce23f47-7e90-48be-ab13-be220200fba0.png,224.0,491.0,421.0,851.0,588.0,540.0,818.0,875.0
dcba2f1b-d117-4c79-b329-6446bc21b45f.png,309.0,257.0,477.0,561.0,,,,
3bc8260d-31f1-45a4-bad5-06d0936f9bed.png,197.0,381.0,360.0,697.0,521.0,234.0,728.0,837.0
5623a68b-8f2d-4295-bf4e-2f3a471cb84b.png,212.0,489.0,377.0,595.0,,,,
06a07f16-f6b5-4ae5-8f68-a97131fe4701.png,512.0,200.0,859.0,696.0,153.0,210.0,464.0,674.0
b3c6be40-8ed6-4fcb-b688-bf1779be8f5d.png,267.0,192.0,487.0,619.0,641.0,290.0,852.0,684.0
0702a884-c189-4a05-bcf5-dc72f4f406fc.png,569.0,247.0,843.0,692.0,160.0,251.0,425.0,717.0
a3a2bb07-b700-4ce4-824c-03859b93e5b3.png,623.0,336.0,907.0,704.0,,,,
c1273696-fdec-48a9-988c-74e57b6323fa.png,673.0,253.0,856.0,575.0,,,,
8502b7bb-f681-47a1-aa45-06f6b692841a.png,676.0,215.0,890.0,487.0,700.0,519.0,922.0,793.0
09a22f6d-5717-4c48-bf4c-531db698aaac.png,556.0,344.0,830.0,807.0,192.0,286.0,463.0,781.0
6b56a3bd-389f-464c-a506-c20d2a2d5b0d.png,268.0,285.0,473.0,710.0,623.0,257.0,845.0,754.0
eb5be562-36b3-44b9-a7ef-68a49d4b03ac.png,153.0,462.0,303.0,723.0,476.0,323.0,646.0,682.0
320df0f4-4189-401a-a836-569ba4f8f389.png,195.0,615.0,453.0,844.0,,,,
0101174b-6643-4d4e-b4ba-b6d41d0ce46a.png,255.0,277.0,476.0,556.0,,,,
bdef94bc-4e2e-4df3-b06e-126aed15846a.png,257.0,113.0,492.0,543.0,634.0,201.0,841.0,749.0
9edd183b-ecc3-433a-9669-f891d34f8490.png,83.0,304.0,325.0,794.0,556.0,312.0,842.0,889.0
417553fa-ac96-4f78-bb07-e9e0d0c00ff2.png,622.0,235.0,931.0,736.0,264.0,285.0,486.0,709.0
aa78c204-135e-4605-8310-7202c41e08cc.png,606.0,255.0,883.0,720.0,250.0,278.0,493.0,661.0
e5274cde-aaaa-4851-b306-a9293e8222ec.png,284.0,257.0,450.0,601.0,,,,
705e0a68-4c09-44d1-90ee-6fe5e992d3f9.png,217.0,548.0,361.0,685.0,,,,
59a7bb86-70cd-4b0f-9f17-330e2a76f4aa.png,512.0,329.0,793.0,684.0,142.0,317.0,348.0,714.0
ba54e255-4d76-4f33-ab14-cbe9ac42c5a5.png,658.0,469.0,857.0,658.0,347.0,241.0,529.0,715.0
4005e782-c12e-4657-9b29-1707ee6eb08a.png,223.0,213.0,476.0,686.0,604.0,224.0,823.0,706.0
b24f4b3e-6e1b-4824-af10-270ec5093de3.png,277.0,178.0,474.0,548.0,,,,
87122134-7b22-4c4b-b447-2a4056846af9.png,475.0,490.0,742.0,769.0,,,,
1ae12f84-02bb-426f-84b1-81a6c552ce4e.png,239.0,275.0,387.0,431.0,,,,
3be6a4c5-7c20-48cf-ae13-e18a828b3868.png,277.0,534.0,401.0,797.0,527.0,496.0,684.0,798.0
e38ab400-f316-4091-8316-ddaf0b75f4dc.png,230.0,516.0,407.0,644.0,,,,
beaee8dc-2b30-41c5-b646-b6f602b965a7.png,192.0,310.0,398.0,646.0,548.0,351.0,765.0,603.0
3664fe85-e22a-40f4-b7e9-0d6c155fb7e7.png,602.0,471.0,845.0,673.0,135.0,527.0,335.0,912.0
a09d65c9-1707-47d4-a241-212aa118a860.png,630.0,213.0,848.0,736.0,,,,
afe29620-410d-4491-999e-470040899f0e.png,233.0,185.0,435.0,641.0,,,,
3be59bb1-6183-4c8d-9ac8-4591b6ab90d0.png,232.0,257.0,454.0,861.0,574.0,246.0,822.0,889.0
719bb18b-a428-4fd8-9338-46f1187ffa5c.png,630.0,515.0,844.0,929.0,206.0,749.0,389.0,1015.0
ea2f0e9e-8cca-4037-a456-9fb1f07af5d2.png,202.0,503.0,371.0,655.0,,,,
60670c26-f00c-4139-973e-280d02a2d74d.png,235.0,513.0,456.0,639.0,310.0,669.0,444.0,757.0
4455076a-577d-4531-afed-17f91bca0ffc.png,178.0,460.0,317.0,788.0,,,,
9a1a620f-7089-42f3-aff9-4220286b60eb.png,630.0,347.0,942.0,831.0,,,,
bc1c9e32-2815-477d-8dcd-6352dec8749d.png,188.0,196.0,415.0,779.0,576.0,342.0,795.0,803.0
eddb7172-d147-448c-a8e2-fee8f9cfb449.png,216.0,449.0,402.0,719.0,,,,
80ef2532-7497-4e5e-bdcc-d97da06da0b5.png,150.0,577.0,420.0,780.0,,,,
4fabf46a-ceec-421c-bb64-8527b44aa576.png,375.0,134.0,616.0,550.0,,,,
afa95e84-6a86-4203-ad3c-f3adb8aaaa03.png,165.0,403.0,384.0,791.0,,,,
b82c9155-f643-4853-abe6-ea3420ab1d02.png,587.0,427.0,802.0,762.0,237.0,492.0,445.0,715.0
3d8a52f8-3769-48d7-9460-2df223a06632.png,675.0,316.0,806.0,593.0,320.0,598.0,460.0,790.0
a52f8c02-a360-40a0-a2dc-1fd91b8f51e9.png,322.0,418.0,546.0,662.0,703.0,529.0,995.0,794.0
d930583e-0c91-4b5f-9a23-0f71f0349586.png,148.0,606.0,354.0,731.0,,,,
1c2fbe4f-6785-420d-a7ef-d81b84ff45ec.png,272.0,422.0,398.0,616.0,,,,
31692137-f770-4cfe-a02e-fd207ce813ac.png,552.0,327.0,764.0,621.0,180.0,402.0,393.0,583.0
393b8e45-6d97-4013-8100-27ebf07a1dad.png,651.0,576.0,917.0,762.0,156.0,620.0,437.0,751.0
0a578f72-dced-4550-8851-d8005549b724.png,577.0,238.0,865.0,670.0,,,,
1b167f33-a18a-4aab-8a29-2a9d1d41c054.png,603.0,564.0,787.0,705.0,,,,
fb8167ad-76f8-4f75-a422-90304c82f9d7.png,280.0,213.0,469.0,601.0,,,,
23aa6468-59f9-4ace-b656-9fea8d64764a.png,616.0,340.0,779.0,530.0,,,,
7802c9a7-66c9-45a2-9005-ba61a5ea588a.png,354.0,669.0,486.0,748.0,,,,
3a453242-5b12-4bd3-967c-5974d429ac05.png,183.0,690.0,343.0,833.0,591.0,599.0,823.0,829.0
aead3682-bdf4-4f43-8468-8e6ac3cd41fa.png,591.0,382.0,803.0,658.0,,,,
44da3869-4815-4f7c-9350-a396d9961443.png,282.0,383.0,438.0,580.0,,,,
7ebeb647-d104-412c-a202-247b650f7cc0.png,632.0,445.0,832.0,699.0,185.0,463.0,439.0,737.0
70764772-7dbc-4ab1-a5ed-08108fa547d8.png,227.0,511.0,383.0,663.0,,,,
7a58d08a-565b-4abb-a328-cb8b83391415.png,241.0,372.0,409.0,580.0,,,,
42c5154e-192b-4b06-baab-ebecff1d2eed.png,599.0,201.0,830.0,638.0,308.0,209.0,489.0,640.0
ed6e3fd5-ac11-4733-befd-aac7c6db0a7b.png,204.0,388.0,417.0,790.0,554.0,302.0,771.0,698.0
c1e73a4e-7afe-4ec5-8af6-ce8315d7a2f2.png,666.0,418.0,852.0,641.0,316.0,504.0,495.0,777.0
87ddbd40-b218-4bfd-9a82-2ea252e08c1e.png,763.0,409.0,917.0,587.0,,,,
bee1ab01-cbef-4d86-96aa-41c77bffa6b3.png,48.0,231.0,273.0,848.0,483.0,307.0,742.0,707.0
3c3edd61-17dd-4ec2-b434-d5bbe0bbb13f.png,171.0,483.0,356.0,792.0,592.0,432.0,826.0,836.0
bd0bb326-cd0d-4dd8-be1c-25c15b076377.png,614.0,304.0,793.0,526.0,,,,
ababe608-9aa0-4055-8a0b-6ecd96b84b54.png,148.0,401.0,354.0,631.0,528.0,405.0,732.0,607.0
72dbeeca-38a3-4375-942a-9c3b098da64a.png,627.0,687.0,781.0,879.0,273.0,634.0,377.0,786.0
a4cba60f-6006-4a32-8ce7-488fa06bec4c.png,612.0,486.0,854.0,748.0,198.0,248.0,488.0,708.0
d585321b-d6a9-4a7a-ac36-c95234f61cd2.png,191.0,444.0,421.0,725.0,,,,
08ee8fda-45f1-4f46-a5ac-315a8d4dd196.png,645.0,534.0,924.0,808.0,,,,
7471b0e8-8f55-4ced-b8e4-18a7554a0ebe.png,524.0,315.0,672.0,793.0,,,,
bc2a8121-cccd-47d8-8289-2dbfacf6b94f.png,200.0,378.0,403.0,532.0,,,,
80ef86fd-e36a-4c00-b25a-1101e5d9b2de.png,93.0,509.0,476.0,937.0,584.0,515.0,944.0,941.0
b44b65e1-7382-4aa6-8d87-fe6d7b4f1a17.png,656.0,228.0,874.0,642.0,320.0,214.0,540.0,657.0
0174c4bb-28f5-41e3-a13f-a396badc18bd.png,155.0,182.0,428.0,683.0,599.0,220.0,826.0,728.0
ba0e4666-cf09-4ba1-a758-f4960ef162c9.png,649.0,286.0,908.0,643.0,295.0,276.0,481.0,530.0
7c1d3e58-174d-450f-9f19-caad0cdce430.png,209.0,291.0,426.0,761.0,619.0,284.0,820.0,775.0
3734bc4a-f4dd-4022-a23d-39b41ac8ec3f.png,565.0,143.0,724.0,329.0,,,,
9353a231-323a-469f-a7ad-706f900b1202.png,205.0,150.0,453.0,617.0,534.0,98.0,843.0,688.0
82d01371-245d-40a6-9a69-28a374144bf9.png,315.0,585.0,456.0,748.0,,,,
916a0cd0-d682-43e0-aeb2-8da59c626599.png,604.0,183.0,979.0,906.0,216.0,331.0,500.0,922.0
091fa211-36c0-42a4-bd7d-c8bced664d9d.png,208.0,507.0,423.0,788.0,,,,
741e924e-b826-47e9-a349-879561029b24.png,634.0,406.0,803.0,577.0,,,,
7458057f-a75e-49ed-a22f-41960bfa2a00.png,261.0,523.0,437.0,699.0,,,,
306ff5d4-1ea2-4ce1-9fc7-25a98fac5148.png,556.0,398.0,735.0,548.0,129.0,381.0,322.0,590.0
c3b9c35d-19a1-4ce7-b852-e670dce72ddc.png,611.0,395.0,698.0,485.0,606.0,543.0,752.0,738.0
3912ec76-6f03-4ce6-8065-8e5f442a2437.png,90.0,366.0,323.0,646.0,463.0,549.0,772.0,788.0
a6a38450-9151-4178-a830-a08e0223f8a5.png,131.0,511.0,403.0,801.0,,,,
d759f178-2451-47bc-80c0-2efe67588693.png,309.0,286.0,440.0,444.0,,,,
f3aa1daa-4873-446a-a5b7-7da7f955245e.png,183.0,478.0,370.0,630.0,617.0,262.0,797.0,611.0
fee03015-e202-4e2e-b72e-2a72f0052fc6.png,641.0,215.0,779.0,415.0,179.0,283.0,354.0,496.0
cd3ae8e4-09a2-4da8-a028-8b54b0b8591a.png,552.0,303.0,843.0,761.0,,,,
31bef3ba-3580-40ab-a7af-567a5c95e4da.png,224.0,384.0,429.0,578.0,677.0,430.0,829.0,689.0
03249840-0a17-448c-bf41-7e156428ab59.png,730.0,265.0,845.0,488.0,349.0,277.0,471.0,586.0
088b89f6-6847-4a20-b1ad-5887b56bbae7.png,470.0,607.0,771.0,885.0,,,,
738524e2-9e98-43cb-8c56-b480a2a0ae2f.png,169.0,652.0,338.0,754.0,,,,
bff6b953-95d1-4a08-9d79-c3b43fde59ce.png,346.0,567.0,500.0,779.0,743.0,380.0,855.0,601.0
b00f4013-c09b-4067-b9ad-f9a5a5bb99e2.png,242.0,232.0,433.0,642.0,565.0,246.0,782.0,691.0
c321b4b1-4ed5-4469-bf78-c4c783e516c3.png,214.0,155.0,461.0,632.0,588.0,126.0,789.0,576.0
cc118833-83a6-4f8f-ba7a-0e69faaaee72.png,207.0,353.0,463.0,792.0,564.0,288.0,870.0,836.0
87c837b2-2bcb-424f-9ba3-c49aea7b3860.png,254.0,256.0,468.0,664.0,558.0,280.0,801.0,762.0
a5ca0085-546e-4939-beee-25f87a033093.png,561.0,354.0,854.0,587.0,,,,
be379186-93d4-4aa0-b4ae-0c86c9f6b31e.png,560.0,83.0,839.0,659.0,148.0,86.0,423.0,670.0
f919d3cb-dc68-46b6-8c29-2d3914fbaec0.png,291.0,264.0,537.0,751.0,723.0,255.0,949.0,838.0
b54eccc2-5311-401b-b110-7176c67c9428.png,321.0,169.0,487.0,589.0,687.0,221.0,910.0,836.0
ae5bbcb2-8f3a-4f5c-a7b1-1ecaa6a7a967.png,189.0,110.0,430.0,698.0,579.0,137.0,847.0,737.0
d4d21c2c-ee3d-443a-91cd-7e6e3ebd59c6.png,495.0,188.0,850.0,754.0,141.0,193.0,462.0,761.0
19720da5-a262-4c83-9ae9-fe6f7f5cc5fb.png,357.0,133.0,551.0,412.0,,,,
d87954c5-4889-4c82-a110-99fe2aabd598.png,171.0,542.0,347.0,712.0,,,,
303390de-3812-4aae-893f-3f18897a6c21.png,569.0,603.0,766.0,710.0,204.0,551.0,407.0,707.0
a1538feb-5647-463b-9876-ca6e5ff00f48.png,84.0,529.0,334.0,767.0,452.0,317.0,680.0,748.0
47bb2ad1-6ee1-4bd2-858e-ade3df967177.png,542.0,457.0,733.0,644.0,,,,
9c0fbb4b-715d-43ad-ac16-3cd798caaab3.png,202.0,663.0,393.0,909.0,615.0,569.0,850.0,930.0
882203ce-6bd1-4fee-905f-2d72d9dde0ce.png,553.0,443.0,802.0,744.0,72.0,481.0,444.0,959.0
b623e856-e328-4396-a01c-4d6210c2dd53.png,161.0,358.0,399.0,483.0,,,,
adf7dc8f-19dc-4543-8aea-982cfa21629b.png,183.0,109.0,501.0,700.0,645.0,263.0,840.0,796.0
b03a2f26-e8af-43ab-970f-d35b2614e268.png,708.0,504.0,941.0,700.0,,,,
7a32a64b-a415-4585-a110-981b913ac959.png,642.0,368.0,810.0,507.0,,,,
5e36040b-0804-4c66-a879-32afdacf18ce.png,344.0,550.0,459.0,694.0,,,,
31ea34d0-7ac3-4069-85ce-641bb524ec63.png,645.0,424.0,908.0,728.0,310.0,424.0,482.0,647.0
bc4ec257-ecf8-469b-9750-c5bd190f6987.png,290.0,298.0,491.0,605.0,603.0,222.0,842.0,492.0
a3bcdd23-510f-4f18-876e-69bc9cf62ada.png,140.0,555.0,471.0,786.0,,,,
e2e89418-6c0e-4f50-a2d9-6cd5e58feef0.png,305.0,318.0,425.0,701.0,,,,
0a15acdd-248c-47ff-abfc-d33f8a0cf417.png,419.0,343.0,691.0,906.0,78.0,288.0,350.0,857.0
3730cf87-f147-4872-8885-44700d3eacaf.png,123.0,265.0,375.0,807.0,514.0,354.0,753.0,856.0
eb2225b3-b09e-408c-8c48-27b1bad103a9.png,265.0,643.0,390.0,745.0,,,,
ad49beb0-b610-4b07-adf1-60b4a6413159.png,577.0,208.0,772.0,409.0,279.0,301.0,408.0,447.0
bfb32559-717d-4a13-81b9-1b9fa902f4f2.png,149.0,648.0,410.0,845.0,595.0,673.0,880.0,869.0
641ead6c-0e54-4a5f-a3c3-e49d137ce16e.png,632.0,367.0,826.0,543.0,,,,
3a1c6cb8-cb42-44c7-8d5a-925f813427c7.png,245.0,560.0,415.0,737.0,,,,
0a825a59-c034-481c-b596-9c7f0bc42c2c.png,210.0,432.0,483.0,631.0,241.0,255.0,381.0,424.0
ae6a227c-27d7-48f1-b424-ba091d4c1c08.png,288.0,297.0,461.0,575.0,641.0,286.0,818.0,676.0
57c7a66f-46aa-40cc-a1fd-67511f5d67f7.png,570.0,305.0,720.0,609.0,170.0,303.0,333.0,615.0
2b4c09a2-c8d7-4773-84e3-f1aa664fba9a.png,604.0,214.0,871.0,601.0,,,,
ab9faaf2-1f9c-49fd-9148-1ae56b695fae.png,199.0,403.0,389.0,523.0,547.0,363.0,790.0,458.0
31739fc0-50fd-49e1-aeed-d7e39f7106fe.png,231.0,326.0,424.0,621.0,531.0,484.0,699.0,694.0
b261b9bd-4ff0-4fb9-a1f4-c7d44a2e45c9.png,144.0,347.0,394.0,702.0,584.0,485.0,863.0,756.0
35bdb4ca-55d0-4d4c-b2e6-ea721f24d985.png,210.0,378.0,408.0,556.0,,,,
bed0dd75-f279-4fb1-b2be-97222380231c.png,653.0,225.0,900.0,573.0,288.0,206.0,498.0,533.0
98d96d73-2a33-45a0-a242-dbbad2f2e579.png,149.0,116.0,358.0,500.0,,,,
3698b8bd-311e-4784-b9c3-dbe1d5296dc5.png,540.0,245.0,766.0,615.0,137.0,413.0,377.0,689.0
c2dd9e3d-9cc4-46c8-9109-0c438b2f7f1a.png,666.0,389.0,916.0,776.0,,,,
bf999eaa-6bce-46f8-be87-1dc34ca20e97.png,651.0,467.0,814.0,633.0,302.0,360.0,426.0,593.0
b551156f-a0e0-4895-9bd5-c4e6307f077a.png,432.0,409.0,563.0,516.0,653.0,420.0,842.0,574.0
bdd44f36-4634-44d1-b90f-3cbc8dc639f1.png,717.0,311.0,889.0,754.0,200.0,483.0,437.0,795.0
ba185597-bb80-4b69-938e-4bff4b87d366.png,250.0,487.0,412.0,779.0,610.0,492.0,912.0,817.0
180bbb1f-4105-4fa1-94cf-5bb8294eaae8.png,552.0,425.0,826.0,761.0,,,,
b565e2e7-cc3d-4fd3-8354-0ad7655f6200.png,117.0,522.0,328.0,834.0,,,,
d99e786f-9de0-44b4-bb3a-00fba6c72994.png,201.0,489.0,421.0,634.0,,,,
5388b543-b3cc-4d17-b620-e9defedd7715.png,195.0,284.0,410.0,615.0,,,,
3d384875-3304-44de-8b8b-40a131a722ce.png,645.0,348.0,926.0,892.0,125.0,304.0,449.0,785.0
ab335009-3c56-4dc0-8280-77dee7889d5d.png,178.0,439.0,358.0,643.0,,,,
cfc035aa-7dc6-418a-a70d-21f0a924c6fb.png,80.0,282.0,432.0,751.0,563.0,325.0,802.0,642.0
3a925cdd-891d-42bf-9ce1-30e7c95318be.png,709.0,521.0,966.0,836.0,327.0,540.0,516.0,838.0
a8328d63-6a90-4e20-a7a9-65226cdaaba8.png,626.0,480.0,843.0,955.0,,,,
1321f38d-adb7-491d-97eb-277d57ab6e59.png,567.0,432.0,837.0,619.0,265.0,458.0,460.0,618.0
f149b26e-035e-4f7b-b55b-016334772d2b.png,567.0,123.0,797.0,410.0,104.0,127.0,324.0,371.0
aba529f7-0175-4d1c-b3df-601c95cec965.png,388.0,669.0,498.0,833.0,,,,
904070bc-c210-47ef-b886-abb6b0dd7ee3.png,297.0,404.0,439.0,739.0,587.0,479.0,774.0,792.0
0965f1e9-2905-40ef-8612-4984e2c7e9ea.png,261.0,528.0,432.0,670.0,,,,
bf1da0dc-850f-47e9-aad9-a5a94d6e67bd.png,275.0,436.0,435.0,671.0,637.0,329.0,795.0,755.0
6d0d2d29-ba30-40ef-b9a3-822b522ffb51.png,636.0,463.0,783.0,734.0,,,,
18858e0d-b651-4ea1-91c9-62268b06d1a6.png,173.0,468.0,479.0,781.0,,,,
e755dc4c-11e7-45ff-b07c-3a297a67f0ec.png,548.0,441.0,687.0,605.0,,,,
03cf6091-89c8-4ea2-a3d5-7ce26cc422cb.png,219.0,537.0,360.0,703.0,,,,
6982a34e-4c06-48f9-90e0-2f86551bd9cd.png,724.0,536.0,877.0,750.0,,,,
d4683e9b-ee14-40e1-a9f9-1eebd8d125ee.png,285.0,301.0,511.0,713.0,592.0,264.0,858.0,791.0
b5b4468f-e5e2-48a5-aa42-e08547be1172.png,365.0,502.0,519.0,673.0,674.0,599.0,892.0,744.0
3b57df96-2208-4717-9d32-0d54ebbee4fa.png,339.0,429.0,472.0,652.0,,,,
3a0c80db-3411-4547-8822-01f6e746bc51.png,212.0,242.0,455.0,602.0,581.0,255.0,827.0,675.0
31790935-a1a3-4842-8925-4b6fd5415103.png,518.0,682.0,777.0,808.0,,,,
fd301529-5fda-4251-b01d-b879cdc0bbe5.png,481.0,623.0,666.0,781.0,,,,
fc3759df-79a4-41f1-a461-a2d12f09f489.png,121.0,329.0,347.0,491.0,602.0,239.0,797.0,462.0
d18074c3-5ac2-46d4-91e4-f13f9284115f.png,628.0,301.0,932.0,692.0,260.0,299.0,534.0,619.0
a595fe39-ce96-43dd-ac73-89d49124b966.png,537.0,224.0,840.0,916.0,,,,
01be392f-a46d-4aef-a57e-9cd1a80dd47e.png,535.0,626.0,712.0,866.0,175.0,825.0,343.0,934.0
1f447431-e2b3-4d18-8c22-30684ab71ffb.png,265.0,516.0,396.0,663.0,,,,
c1628c47-5ba3-42dd-8df3-7ad3abd57ad0.png,622.0,356.0,771.0,484.0,,,,
3ea1ef34-b3ad-4af8-8fbd-93e46be01e24.png,537.0,504.0,723.0,697.0,534.0,141.0,702.0,314.0
b68055e9-64be-476d-9cf8-e06a8cb10a7d.png,169.0,206.0,464.0,901.0,601.0,210.0,970.0,868.0
2ba20b8b-50aa-477d-8f39-ded35b460696.png,632.0,458.0,814.0,782.0,,,,
18c4af3d-0768-4f17-9c1f-d6f8199098ac.png,549.0,131.0,842.0,902.0,,,,
d640b82b-9fa6-49ad-9139-d1a0f1f8c7e8.png,592.0,448.0,740.0,611.0,,,,
5d911996-656d-43cb-af29-6ff04cbf752f.png,187.0,665.0,379.0,794.0,,,,
2fa75092-e364-4326-b5b0-f1d61df464c8.png,224.0,295.0,413.0,562.0,592.0,259.0,771.0,490.0
392d05d8-1655-4a0f-b254-71826bfb4742.png,136.0,576.0,420.0,907.0,515.0,506.0,795.0,927.0
c4a9d607-67c3-49f7-b110-7e0f1dcfea4a.png,665.0,449.0,892.0,581.0,,,,
08307845-ccbd-4616-b8e9-58532a766dbe.png,217.0,566.0,431.0,798.0,,,,
083a1a20-f642-42e3-b20b-937383f6da3c.png,550.0,372.0,850.0,703.0,142.0,420.0,446.0,663.0
7cedbe1b-b8b6-42b4-a0b2-ae189fee42af.png,701.0,565.0,797.0,640.0,,,,
0a7162ad-b2bc-4132-b15a-7fdc80957618.png,631.0,566.0,785.0,700.0,,,,
cb008bee-f96b-4039-b69b-46a7ad8e50c0.png,724.0,466.0,977.0,731.0,,,,
0befe74c-5802-4fd4-aa1a-e5487d685558.png,633.0,427.0,895.0,637.0,,,,
fc6f309f-f4b2-45af-bfee-c756cabdd3c1.png,126.0,474.0,327.0,811.0,,,,
34fbff70-fa6e-4709-ab07-17f739fce394.png,343.0,164.0,463.0,260.0,246.0,268.0,433.0,480.0
b7fe2048-abe7-4f69-b82a-ed93c354a8aa.png,202.0,268.0,497.0,824.0,607.0,259.0,935.0,800.0
ba3766e2-8065-45ab-a8a3-a5e5d81d5c15.png,314.0,255.0,530.0,875.0,665.0,282.0,913.0,779.0
56f44a88-2d8e-4910-9c41-46684fd1fdd4.png,370.0,335.0,535.0,536.0,,,,
5a8e51d4-1b33-45b3-8f96-5a4027462cbc.png,124.0,258.0,307.0,715.0,,,,
17dc4e24-2228-4cdb-8052-9259a907f9c2.png,191.0,309.0,455.0,798.0,557.0,350.0,850.0,828.0
86f084ef-539c-404b-9a91-c9a5d5ab3771.png,79.0,590.0,352.0,933.0,463.0,520.0,758.0,940.0
3b7bd8bb-27f4-4416-9c4b-d68c4065aa54.png,335.0,486.0,519.0,804.0,,,,
bb189459-2735-44c6-a344-a645a9721dfb.png,212.0,514.0,484.0,803.0,611.0,464.0,876.0,790.0
3f7da5a2-f06c-4b3e-9cd0-0aaa3931c286.png,561.0,475.0,787.0,878.0,200.0,608.0,431.0,892.0
8cb6fe1e-ed23-44af-9a1d-85fe2bdb106e.png,166.0,91.0,450.0,750.0,597.0,331.0,839.0,892.0
bc92c935-81cf-4e5b-8edc-381c0327072b.png,144.0,130.0,406.0,500.0,,,,
bd6d6284-0c13-454a-a41f-c84ee6c1dde4.png,304.0,161.0,481.0,405.0,653.0,207.0,803.0,447.0
1caa4dac-4bac-419b-91d4-cac2d8408ccd.png,318.0,319.0,474.0,586.0,702.0,383.0,813.0,737.0
b1129974-9d1d-4329-bb38-9979786102ca.png,626.0,425.0,807.0,598.0,405.0,324.0,496.0,534.0
a95c830d-b00d-40cd-abd4-1e256ce80721.png,583.0,228.0,817.0,646.0,,,,
66a4d456-d66e-4341-aa83-b011427fd9de.png,675.0,383.0,833.0,609.0,194.0,531.0,387.0,647.0
b7e58e65-9a85-47e0-a45c-6b943e01f726.png,306.0,574.0,473.0,823.0,604.0,292.0,832.0,696.0
737007e0-adbe-4773-8e57-da8a0c7b3f53.png,227.0,294.0,417.0,451.0,,,,
c7024796-39ed-4eda-906d-65a1fb5d5c52.png,651.0,404.0,892.0,659.0,,,,
628eea1d-9db2-4a99-acb3-0d846c3ac48f.png,171.0,589.0,409.0,777.0,,,,
7c8f2458-3d40-4810-b57c-1f149c2c4d3c.png,200.0,575.0,355.0,735.0,,,,
8d76ff2c-da0c-49dd-95cd-21d753f0495d.png,147.0,550.0,396.0,832.0,675.0,196.0,900.0,550.0
92146ef9-15ba-48b9-ad5a-893a27c6f484.png,611.0,386.0,835.0,686.0,231.0,334.0,457.0,627.0
2554df23-d5d3-4ffc-86c7-952a535998fc.png,662.0,392.0,865.0,719.0,298.0,306.0,460.0,660.0
4281b0c0-eab8-428f-893f-06a2291ace68.png,597.0,473.0,920.0,612.0,,,,
16968a9f-ba45-4f51-a584-ac57612de5c3.png,548.0,412.0,805.0,755.0,273.0,405.0,455.0,720.0
e18c7203-a029-4cf4-8151-2bc2460c390c.png,233.0,710.0,396.0,799.0,,,,
bf9254b2-2d3a-444a-8dae-a27f02b0e9ef.png,154.0,456.0,361.0,651.0,,,,
747f9c4b-8bba-439f-8e31-d8529cb41850.png,119.0,321.0,334.0,511.0,,,,
8f1ebcac-42fc-458b-9f4d-c678698c3bdc.png,636.0,338.0,869.0,789.0,231.0,435.0,440.0,661.0
1f45c8c0-4475-45e9-85e5-0cf139d0572b.png,599.0,478.0,811.0,597.0,,,,
ac710523-7dfb-4d63-821c-34b2d6ef03d7.png,687.0,607.0,865.0,741.0,,,,
b7fd3d35-e5a4-484c-9f2a-83a72cb88d2b.png,154.0,187.0,389.0,635.0,544.0,166.0,826.0,735.0
0c1d54d9-0197-40d9-9b07-d99b1e8aa8db.png,356.0,557.0,563.0,791.0,,,,
34858b4b-37ff-4130-be8f-7075f3f3b056.png,310.0,453.0,457.0,720.0,,,,
37f17069-62ce-42ff-9fa4-d6a1056bd075.png,563.0,563.0,768.0,781.0,199.0,618.0,408.0,835.0
149d826e-7078-4b2c-888a-d8811c72caf8.png,661.0,430.0,821.0,627.0,221.0,428.0,400.0,630.0
00436515-870c-4b36-a041-de91049b9ab4.png,264.0,152.0,477.0,531.0,562.0,152.0,818.0,605.0
dc8826ad-9cdb-424f-9896-ec55bcaaffd6.png,166.0,314.0,376.0,735.0,,,,
850a00db-8884-45d3-b3cf-1ba8635b9294.png,98.0,540.0,371.0,824.0,519.0,543.0,665.0,807.0
097788d4-cb88-4457-8e71-0ca7a3da2216.png,226.0,189.0,754.0,892.0,,,,
b273a85e-eacc-4bee-b534-5ee42cf1300f.png,265.0,490.0,446.0,684.0,,,,
c059ced8-e99a-4fff-a734-b01cae2491bb.png,295.0,419.0,399.0,515.0,,,,
7081380a-00a7-49a5-b574-a7f8a41f582d.png,177.0,212.0,416.0,678.0,529.0,203.0,764.0,685.0
bed364d9-7bad-4de8-b618-9de875b73d67.png,569.0,441.0,810.0,744.0,156.0,460.0,387.0,722.0
3a483825-5dc2-4318-b0a6-7378f155df2c.png,542.0,174.0,896.0,780.0,61.0,165.0,394.0,697.0
e84da550-d09e-46cd-94c1-617b6d7aa461.png,203.0,558.0,445.0,725.0,,,,
19add6b5-7856-415a-9a44-e2bfda767339.png,639.0,285.0,811.0,606.0,182.0,459.0,395.0,797.0
5aa43eef-1877-40eb-ba8c-6001452f7d89.png,101.0,371.0,367.0,549.0,,,,
b73ed36a-96ce-4124-b9cd-a74d883e9bfd.png,143.0,170.0,388.0,615.0,538.0,227.0,760.0,458.0
f854d6cf-8297-4894-80fe-90f9a11d0cb0.png,600.0,551.0,768.0,790.0,,,,
e09d1d80-ae35-426e-870f-56421e61c48c.png,679.0,324.0,850.0,532.0,343.0,293.0,493.0,468.0
72a2d10b-cc88-433c-b988-8013f7530d99.png,575.0,600.0,773.0,696.0,,,,
875b34e4-b58d-479f-954a-5b015071f448.png,630.0,258.0,953.0,791.0,301.0,261.0,535.0,781.0
b15cff7a-2345-45ad-9eef-4a9e5ab6762d.png,641.0,430.0,887.0,686.0,245.0,456.0,462.0,754.0
051e6e97-fda7-4b5c-8d5f-084bf3607d22.png,293.0,491.0,418.0,651.0,,,,
3538b9f3-b604-4e3c-8f04-bb5b1127733c.png,143.0,396.0,405.0,820.0,629.0,465.0,917.0,858.0
e8a7fd94-3616-448a-a57d-f4507987f185.png,187.0,618.0,331.0,778.0,,,,
d01efc31-f83e-46dd-a3a1-1eb73f60ddcc.png,522.0,156.0,771.0,561.0,251.0,144.0,473.0,571.0
ec93d206-ec61-4e16-afc4-898f754916fa.png,666.0,597.0,800.0,817.0,277.0,624.0,441.0,908.0
b267ae3f-b52c-403c-be9d-c8ac9070020e.png,653.0,435.0,888.0,701.0,,,,
3df07ee3-c7ae-4bcb-8ee5-5d71c5c5cd6b.png,29.0,203.0,348.0,791.0,519.0,211.0,749.0,807.0
72fd2587-d327-4e42-9e18-03479b1a18f9.png,615.0,246.0,855.0,646.0,209.0,222.0,459.0,647.0
f3b1b61e-693d-4fee-b67b-fa4f09554391.png,561.0,394.0,692.0,549.0,,,,
fcb9ac7c-e587-48e2-932d-ce270d6d66b8.png,307.0,492.0,471.0,625.0,708.0,550.0,864.0,748.0
254d15d9-dfc5-42a2-b2d6-f208527d6396.png,590.0,555.0,685.0,679.0,,,,
9673d5f3-fc1c-49bc-902a-81ff14db1da0.png,588.0,486.0,879.0,811.0,,,,
b2fca33f-a7d4-4a8e-a6fe-2fcc48b7d1d9.png,199.0,625.0,449.0,775.0,747.0,607.0,876.0,819.0
e7a47a98-2dd9-45af-9818-1ebd88cfb700.png,184.0,603.0,349.0,727.0,703.0,627.0,824.0,730.0
32bba2f6-0701-4646-87cc-9ddc27439be4.png,586.0,308.0,708.0,486.0,579.0,594.0,782.0,779.0
2f51b8c1-32f8-4df8-af1e-d32c8dddad6f.png,663.0,556.0,870.0,643.0,177.0,615.0,457.0,766.0
ba38bcd7-f0bd-4ebf-9f5e-c63c8cb612c6.png,232.0,477.0,451.0,815.0,,,,
c2096643-ac3f-4867-880d-63b8370c6ade.png,539.0,303.0,820.0,787.0,155.0,321.0,384.0,749.0
bfe41d70-219e-478e-85ba-9c8226b572f4.png,187.0,356.0,438.0,699.0,599.0,372.0,771.0,681.0
6f5859fe-9eaa-4a4e-bb4c-217596812fef.png,243.0,438.0,393.0,651.0,,,,
871ebe50-8492-496d-a49d-510be81eb07a.png,628.0,414.0,802.0,602.0,,,,
9d1ea51d-29fc-4aa1-a4b0-fa1f1c979d0f.png,657.0,327.0,904.0,553.0,175.0,219.0,498.0,562.0
1553848a-161e-48ad-af50-05f38696a6fe.png,675.0,346.0,911.0,590.0,326.0,469.0,476.0,653.0
52510771-8dac-4123-9d82-6a8df9ce0a50.png,590.0,143.0,856.0,499.0,,,,
a37dc7a9-8b22-461b-99d2-c77109da8220.png,619.0,617.0,866.0,926.0,190.0,706.0,429.0,981.0
abcb43a2-7b1d-428a-b909-e54c92acbd5b.png,245.0,331.0,441.0,544.0,,,,
de9d40a1-45ac-4ec0-a9ad-7c3da394fbfb.png,651.0,403.0,856.0,679.0,243.0,543.0,396.0,644.0
4d2edbba-09ce-42b9-9ca7-032f14a76a66.png,570.0,239.0,808.0,776.0,219.0,201.0,472.0,750.0
84c7222e-0f68-4de6-9f85-9e3fd1089f79.png,197.0,471.0,447.0,702.0,,,,
e2cb1c89-244e-407f-9798-9a9670616850.png,150.0,477.0,347.0,680.0,584.0,464.0,793.0,659.0
2b55eeed-3408-46fd-9e18-d7c5295a92b2.png,598.0,495.0,783.0,641.0,,,,
ba0b9822-06eb-4db0-bf37-20d894589ef7.png,506.0,105.0,751.0,712.0,50.0,59.0,384.0,563.0
e6f5c238-2bfb-4ab3-af53-7966b0277665.png,190.0,315.0,346.0,585.0,,,,
c85b9a9a-3ea9-44e8-bac3-8d9e07a73085.png,606.0,320.0,931.0,897.0,244.0,302.0,523.0,858.0
06c3e09b-341b-4fb9-9e28-bfd9cf298c6d.png,253.0,450.0,494.0,683.0,,,,
394e0236-0dbc-47a4-8da7-0e4e5311f690.png,274.0,574.0,474.0,791.0,804.0,662.0,995.0,834.0
0b3b1768-5926-4084-bed0-ad9ae886d13a.png,176.0,355.0,418.0,557.0,494.0,292.0,743.0,593.0
936e16c0-f39a-4970-903f-6af6722c26b4.png,142.0,70.0,429.0,716.0,,,,
8f8d4853-d810-45ce-9673-1fdeeb0d8fd7.png,119.0,253.0,414.0,546.0,510.0,116.0,813.0,584.0
b11a86fc-8db1-4a1e-90f5-8c07ab29cd99.png,205.0,510.0,384.0,653.0,,,,
695fc74e-72d0-4bcf-a9a9-a75e99fb7306.png,218.0,679.0,372.0,812.0,,,,
ffae40ab-fcfe-4311-a74a-89f605dba48b.png,219.0,305.0,347.0,443.0,,,,
50cbc243-6654-4b10-b063-95b939f9eeca.png,112.0,327.0,389.0,854.0,473.0,329.0,764.0,862.0
b039548f-9627-4701-951b-ae89efd3789f.png,564.0,668.0,867.0,880.0,332.0,259.0,523.0,652.0
1414c7d6-dff3-453c-8322-b25bb5899d78.png,114.0,311.0,265.0,643.0,635.0,319.0,790.0,737.0
9a30433a-c79c-4f15-8be7-26adfa92943c.png,640.0,507.0,898.0,724.0,243.0,102.0,504.0,441.0
b18a2d86-3e3a-43ec-b9f6-0fd249bc1a0d.png,185.0,552.0,400.0,654.0,,,,
131cd368-4db7-4883-9408-47da2b59650a.png,666.0,549.0,990.0,780.0,,,,
34dde192-6b08-405f-9672-60e19c896d28.png,626.0,445.0,794.0,888.0,219.0,403.0,438.0,756.0
3c679832-d552-4db1-b170-0a82e5753da5.png,623.0,386.0,913.0,628.0,369.0,402.0,522.0,683.0
b84fca75-6c3f-4026-b65f-c9130c409e4d.png,373.0,378.0,495.0,512.0,,,,
6e32b376-5740-4565-abd0-b41035f7db64.png,313.0,426.0,450.0,513.0,,,,
03d92597-3e33-4fdf-8db5-a27cf5b8d3eb.png,591.0,242.0,778.0,575.0,,,,
e5e49f6f-0ca4-44bd-b092-e15ddc944cba.png,298.0,284.0,485.0,583.0,663.0,330.0,855.0,675.0
408c1583-d078-45f4-9369-2fbaf03be8a8.png,227.0,608.0,441.0,848.0,,,,
55891cc7-b8ed-4b22-8bf0-a6039dc53727.png,473.0,492.0,827.0,716.0,,,,
ba07114f-788c-4779-98cd-1190bfb6bdc2.png,143.0,239.0,372.0,606.0,534.0,272.0,743.0,710.0
9e7bd306-471d-4c5c-aa53-a9d24e0779bc.png,555.0,515.0,784.0,873.0,163.0,423.0,365.0,825.0
a0c64b6b-5c91-422e-96a6-5389d9c23cec.png,226.0,634.0,464.0,797.0,573.0,544.0,800.0,828.0
a108c5e8-49d7-4ec4-ac83-a5cb0442e536.png,169.0,207.0,500.0,747.0,,,,
3a0fb504-c7fe-4f7e-9bf1-98560c74614d.png,228.0,309.0,433.0,740.0,580.0,412.0,812.0,810.0
b1cd1f20-1ea8-4520-8875-97fa8c83dd9f.png,668.0,598.0,921.0,913.0,,,,
38e8ed40-7a1f-4678-b655-31d3431b0ba7.png,752.0,377.0,893.0,680.0,,,,
81b3ca12-841a-4c71-8fde-7fbcb835b6c9.png,646.0,331.0,935.0,625.0,,,,
ea5c8b30-582c-471c-afd3-f569f52d5baa.png,256.0,451.0,378.0,533.0,,,,
c8d798bb-5bcb-4ca0-8b16-e360805aac69.png,556.0,350.0,746.0,512.0,,,,
91e5caec-93a8-4361-abbe-22fa1bd60c6f.png,137.0,295.0,425.0,716.0,538.0,147.0,834.0,802.0
06b52ffd-71b8-429a-a284-bb39240ed343.png,496.0,116.0,875.0,739.0,102.0,129.0,409.0,631.0
e5bff349-8b02-4c62-8c64-b32344fa690c.png,666.0,96.0,799.0,238.0,138.0,123.0,369.0,301.0
3874e3f6-0c79-4fc1-a874-1d761e475e53.png,591.0,506.0,767.0,822.0,336.0,413.0,507.0,781.0
c9e42d59-92ab-4e5f-a0fa-c728193684d4.png,686.0,507.0,927.0,812.0,261.0,502.0,507.0,720.0
79397fb3-fbe9-4b1d-baec-a934f2825e25.png,232.0,348.0,430.0,549.0,682.0,367.0,816.0,517.0
ade6a8d3-7d45-4e17-9784-5a04e6f16b76.png,264.0,428.0,437.0,586.0,,,,
7105d840-ed2b-42fa-a32c-ba10ff3604bb.png,240.0,439.0,437.0,593.0,,,,
1f7a3519-99e6-4466-9859-5e628bebff73.png,607.0,438.0,782.0,595.0,,,,
bfd60c29-4ac3-4bc1-be29-579a65a843cd.png,189.0,449.0,462.0,891.0,692.0,447.0,908.0,899.0
be9624bc-824f-4951-9f81-087d6528eeec.png,633.0,179.0,931.0,689.0,202.0,352.0,482.0,619.0
70c1019f-e519-4bc3-9769-1344e65e3b38.png,252.0,576.0,539.0,768.0,,,,
4672156e-25e5-4bf4-8891-9e0e4a742c49.png,619.0,315.0,874.0,655.0,324.0,313.0,516.0,646.0
777696af-08cf-4f9b-a8be-b9dc685bfa44.png,183.0,408.0,337.0,734.0,,,,
35a60fb3-459a-43a6-9c1f-066578ca5d63.png,209.0,433.0,435.0,701.0,,,,
bea7dfb0-2138-4434-977f-1ee4a6428941.png,598.0,324.0,745.0,620.0,229.0,467.0,434.0,735.0
0695a0d8-d4b6-4dbe-bc04-497897e4516a.png,129.0,219.0,268.0,412.0,87.0,414.0,328.0,615.0
bcaa0edc-16d6-44b7-b548-91ddf6ed5cec.png,250.0,119.0,452.0,692.0,599.0,178.0,801.0,769.0
c1f94928-371a-42d0-91ae-f959928694fe.png,245.0,227.0,459.0,751.0,577.0,246.0,853.0,693.0
ba18ab80-91fc-4c9b-9ec9-e59c0229f49b.png,577.0,291.0,691.0,520.0,,,,
106e39b9-9ca8-4437-b7f9-f114fd3aec61.png,22.0,353.0,153.0,506.0,482.0,297.0,660.0,503.0
e1c9d1ec-05eb-4bf8-9d64-2aea82f43d98.png,161.0,534.0,364.0,774.0,,,,
99239481-5f84-4fe9-aa79-dfa79d3e7ae0.png,217.0,85.0,487.0,477.0,570.0,87.0,858.0,435.0
f23bbee6-567d-4ef8-8b29-2ecb12a45be1.png,614.0,377.0,824.0,638.0,,,,
02099738-7465-4786-b71c-de8cdac477c3.png,247.0,249.0,446.0,677.0,617.0,269.0,825.0,689.0
92097b0f-44d8-4358-937d-cbf8c34c0732.png,116.0,277.0,402.0,721.0,,,,
c98eb387-08eb-4a10-ad95-007e8c52c7bc.png,620.0,445.0,823.0,614.0,,,,
b49313fa-77c1-4a52-8d29-f28478f8929c.png,542.0,661.0,772.0,872.0,,,,
a4ee6346-dfcc-46f8-9d8e-69665a8083c5.png,703.0,438.0,929.0,684.0,,,,
ebc9da35-fa1b-4cc4-b963-16731802af49.png,342.0,496.0,480.0,717.0,,,,
c2ed72cd-0390-46c3-ac73-601b1a875d5d.png,591.0,365.0,830.0,914.0,143.0,334.0,413.0,923.0
8cd4d1a3-e2ac-4475-9a06-33bdaa9876f7.png,246.0,410.0,464.0,737.0,,,,
b1a8c34d-b577-45d2-8f8e-9190e2cefb4a.png,574.0,356.0,822.0,449.0,,,,
b475e187-b7bd-4d5d-951f-82e4903feacb.png,612.0,664.0,839.0,859.0,219.0,614.0,439.0,806.0
70a2c018-870c-4a1a-b3d3-d2647df5d30e.png,595.0,201.0,880.0,734.0,,,,
0bf4c667-6fb1-4943-8e6a-f80914cca147.png,637.0,227.0,904.0,869.0,294.0,439.0,560.0,770.0
29000617-ac33-40a4-ac5c-19fb586edb69.png,720.0,518.0,826.0,690.0,,,,
b165b941-4ec6-4f1b-9f03-2e908de24266.png,354.0,375.0,518.0,668.0,698.0,454.0,979.0,872.0
56b6e64a-0697-4768-a23c-11e2b2cbdea3.png,602.0,263.0,719.0,402.0,,,,
9a1f8fe3-174a-4c13-9885-75e52c0153b2.png,632.0,322.0,807.0,695.0,274.0,452.0,550.0,675.0
ba96958c-acdc-46a1-9914-d0424361a07b.png,275.0,325.0,517.0,516.0,,,,
f6077569-6aa3-4132-856b-6bdcbdd70cd6.png,56.0,589.0,274.0,895.0,,,,
a70544fd-cd5f-4650-9008-224672ccd7b6.png,127.0,356.0,408.0,809.0,561.0,145.0,842.0,568.0
7cc95413-c3e4-45ef-b047-4021529fbdb4.png,293.0,584.0,432.0,787.0,,,,
ab166102-1b92-4bf4-88c6-eaa40cf0a56a.png,349.0,301.0,459.0,725.0,634.0,585.0,891.0,845.0
49b95513-daab-49bb-bc6e-c5254ab1bc07.png,314.0,161.0,505.0,593.0,599.0,202.0,815.0,739.0
07bb7f0d-ef4b-4963-b453-7f9d8c5b7c62.png,262.0,183.0,535.0,719.0,,,,
baac301e-08a6-4267-a17a-78e3fcb23f21.png,648.0,100.0,894.0,524.0,288.0,142.0,534.0,597.0
e07110c1-7afa-45b3-8de5-901f0a96e394.png,275.0,588.0,408.0,839.0,,,,
b7e6c8a5-c115-4a0a-9838-e74604a685b1.png,669.0,242.0,888.0,900.0,336.0,287.0,520.0,803.0
3bb338a0-7e3d-4248-8731-a8daffa15e58.png,339.0,284.0,501.0,483.0,,,,
05333c60-bee9-4c69-adc6-fc9de52e8cdb.png,639.0,469.0,744.0,632.0,349.0,554.0,507.0,607.0
a57aae30-eb23-4e9d-b11a-4c304c823364.png,208.0,398.0,498.0,772.0,,,,
74480045-29f4-478e-b1c0-322b2f4ccdc2.png,304.0,396.0,449.0,549.0,,,,
fde83ad1-3d9e-4a66-8f10-bb6ead510d52.png,270.0,213.0,458.0,520.0,638.0,239.0,812.0,574.0
859a8249-1e52-4a1a-9d35-e1cd84389c28.png,171.0,488.0,405.0,834.0,506.0,359.0,747.0,816.0
6f37008d-c8a4-45b0-a1cd-7b215df62cfc.png,246.0,498.0,340.0,559.0,,,,
6ce63faf-9387-4c60-991b-11771dc50c98.png,649.0,325.0,891.0,802.0,,,,
ec4cf99b-0d23-4aa5-abac-3f8ae0257eb9.png,637.0,508.0,792.0,664.0,,,,
f1509076-069b-449d-b659-4ae16300db31.png,554.0,251.0,723.0,624.0,198.0,265.0,369.0,584.0
c2cd822c-a98e-451d-8600-e52f50d65c28.png,693.0,483.0,866.0,771.0,,,,
5d1d4b97-459b-457a-b7cd-729c494ddb60.png,193.0,640.0,398.0,687.0,,,,
8062dc3e-fc3c-4e7e-b418-96c59942426d.png,279.0,395.0,517.0,720.0,684.0,360.0,929.0,762.0
06cf339f-a71a-4177-b950-ae1fdd5f4762.png,63.0,476.0,370.0,648.0,540.0,226.0,876.0,583.0
b59a6d82-6686-4691-917e-8c98b6752b01.png,219.0,339.0,434.0,509.0,,,,
3eb1d6ec-9172-4b4f-be53-ca981f71e610.png,591.0,395.0,791.0,690.0,,,,
8c0fc3ed-b1c2-4979-bc1e-2568ee6f7887.png,177.0,688.0,331.0,876.0,,,,
2f8bdf8a-af90-43bf-8d5d-0b434cca29f9.png,608.0,484.0,754.0,597.0,300.0,557.0,416.0,639.0
1e332eeb-da57-4857-8457-b8fc76941749.png,181.0,592.0,332.0,789.0,600.0,653.0,757.0,822.0
c3768927-0d7e-4624-bf5a-3eea2011a5c1.png,185.0,451.0,391.0,856.0,541.0,395.0,778.0,854.0
7469db63-0c15-4e73-b6c4-9df8c2b9dd6c.png,193.0,658.0,391.0,783.0,,,,
3647d0dd-fcf0-4606-bddc-ba872f5f7ccb.png,183.0,563.0,476.0,794.0,,,,
a28266ba-94b1-4789-88e7-e7a1c4bc6d0d.png,576.0,609.0,810.0,840.0,,,,
320ed4b4-0793-4224-866b-29d9cfc5b90f.png,618.0,658.0,764.0,821.0,288.0,292.0,438.0,530.0
d31b42c9-c5d0-4d65-978f-b75e6ff3b7d9.png,660.0,333.0,914.0,638.0,,,,
aa1970b8-5039-4ba9-a933-4bd96ad81a91.png,540.0,270.0,836.0,764.0,122.0,231.0,426.0,694.0
b3f75ca9-beaa-4760-bde9-f9ac7c9a8748.png,561.0,136.0,750.0,630.0,238.0,213.0,415.0,571.0
b8a18a7b-502a-487a-98aa-0edd1c1126cb.png,724.0,660.0,919.0,823.0,,,,
c2565641-00af-46a3-8328-4d9c8f319446.png,654.0,238.0,956.0,671.0,,,,
5b0c3016-c88d-4b19-82f8-bee204b8e12c.png,594.0,249.0,829.0,766.0,181.0,270.0,430.0,781.0
aeb2a32c-595a-44c2-b827-c6ce0f6ff4f3.png,583.0,325.0,954.0,1016.0,140.0,338.0,491.0,1006.0
33d2956a-0501-471e-847f-ef9a0f4a18d2.png,317.0,406.0,460.0,615.0,674.0,356.0,929.0,550.0
a47c09af-6f13-4057-a0e6-6e1f422b584d.png,605.0,284.0,874.0,646.0,239.0,509.0,481.0,762.0
add35dae-274e-4e32-acd7-babdcb3e390f.png,183.0,387.0,388.0,491.0,635.0,416.0,766.0,515.0
b6adc779-5eb6-4afc-8672-986ba03b0dfc.png,195.0,488.0,395.0,676.0,,,,
197c3079-d2b8-4227-8513-743e0e3d6431.png,564.0,403.0,814.0,817.0,,,,
371ef146-4a13-4b5f-9d48-7889a12d8ebf.png,122.0,264.0,332.0,675.0,527.0,559.0,676.0,783.0
3cc57eeb-c3e0-407d-834f-2a1f417d157a.png,219.0,169.0,457.0,727.0,651.0,150.0,891.0,719.0
30ac4f03-d153-4c6a-a13b-e47855fcb2fb.png,587.0,289.0,765.0,698.0,284.0,244.0,439.0,647.0
16939adb-3468-4e45-9b87-0ec9a8b0f2ea.png,506.0,371.0,869.0,662.0,,,,
ee5842e0-5bd3-4e4b-9aea-cb94b6402fdb.png,143.0,419.0,367.0,756.0,636.0,552.0,808.0,752.0
b892d98e-84ae-4ca8-9996-fc0006cf0d2f.png,246.0,406.0,437.0,618.0,,,,
3673cc6c-6c57-4910-ace9-795fe9a4d0c2.png,215.0,165.0,465.0,702.0,544.0,186.0,855.0,709.0
71a96026-101c-4da6-a576-60cd288b9733.png,712.0,205.0,846.0,450.0,313.0,270.0,408.0,494.0
09b2d54e-3a85-4efd-8204-ea73bc70c405.png,209.0,236.0,487.0,699.0,582.0,310.0,858.0,959.0
77633bed-c31b-466a-946d-6624b97231a8.png,680.0,387.0,845.0,666.0,73.0,427.0,369.0,635.0
e03b2ae0-a0a7-41d8-a6b1-dac421515a27.png,136.0,669.0,337.0,822.0,,,,
e00c1966-e9d7-4845-bd26-1865226786df.png,193.0,528.0,429.0,756.0,,,,
4cbb68e5-1ca0-4a2a-b3d2-022110364d7c.png,640.0,271.0,1010.0,641.0,138.0,247.0,517.0,643.0
04d59a79-e659-49ca-8790-511f89ac3e1b.png,638.0,535.0,804.0,680.0,,,,
ee52c757-3e8e-4e65-9818-52ad4c00622a.png,297.0,217.0,479.0,513.0,,,,
c63e2132-aaa3-4d1b-aba9-ce7ea8d1c7f3.png,289.0,455.0,511.0,683.0,,,,
ba1065ce-267d-422f-aef5-6d04c04402d8.png,514.0,562.0,766.0,732.0,,,,
af2cd4c9-097a-464f-8956-3e1a977696af.png,94.0,496.0,365.0,664.0,,,,
381e2cd6-431e-4cc3-b6b0-5771b5741d8a.png,153.0,401.0,419.0,628.0,577.0,517.0,797.0,677.0
09b0df7c-90bc-499d-a7c7-5474199da4e6.png,512.0,317.0,739.0,604.0,163.0,340.0,381.0,622.0
59aa41cb-ece4-46c3-8ded-a26ed0284271.png,600.0,430.0,829.0,659.0,190.0,532.0,381.0,688.0
ecfa4360-af4d-4bd7-ae2f-b1f56a623dfe.png,207.0,306.0,429.0,759.0,,,,
ae716bca-9b2f-4cca-8ee1-3cf6063593ef.png,78.0,190.0,348.0,878.0,,,,
7fb3c5d0-81fd-46e3-9063-cd8d71831790.png,554.0,386.0,747.0,645.0,,,,
bf02deef-f65f-41ac-a126-48a4740e161e.png,635.0,312.0,808.0,568.0,317.0,295.0,461.0,549.0
2c9c7310-1292-4b46-ba75-f1eacd3d5074.png,610.0,393.0,814.0,553.0,,,,
31e2cf57-392d-4fdf-97ce-69a2da281eec.png,276.0,407.0,493.0,821.0,576.0,426.0,784.0,831.0
4c665597-adbc-4583-9d9a-20cc0d8d00d0.png,553.0,391.0,851.0,913.0,155.0,417.0,404.0,835.0
5b4100a0-0646-48c3-86c0-43f7c43cdfd4.png,239.0,511.0,372.0,629.0,,,,
c3ea903f-5779-4eb0-9026-b5ed1cd0e943.png,341.0,346.0,492.0,501.0,,,,
a23f2117-8ee1-475e-aa06-e74f6b6118d7.png,728.0,250.0,910.0,428.0,431.0,175.0,607.0,355.0
afc7efe2-5df9-4274-8df4-31eefde7b574.png,296.0,436.0,481.0,584.0,707.0,340.0,860.0,648.0
a2907d58-d777-4ddc-8877-f784f14c0c27.png,538.0,397.0,752.0,676.0,,,,
e078fb2c-acf6-43bf-8cd0-540bbb460947.png,373.0,215.0,503.0,358.0,,,,
ebdce693-283b-462c-825e-a182c6063a85.png,235.0,182.0,452.0,568.0,586.0,206.0,811.0,598.0
1cf02f00-7c14-467a-9283-1f6bacf783a3.png,546.0,457.0,681.0,704.0,,,,
00aecb01-a116-45a2-956c-08d2fa55433f.png,288.0,322.0,382.0,457.0,547.0,299.0,666.0,464.0
3d963020-db86-43c6-8133-21c69cb65df0.png,232.0,465.0,416.0,750.0,565.0,351.0,759.0,593.0
666dc889-847f-491f-ad5e-300f859dd70a.png,581.0,318.0,819.0,697.0,259.0,378.0,477.0,752.0
3e3babaa-b242-4dac-a549-9c87dec28ead.png,298.0,366.0,520.0,527.0,,,,
7d5f828f-5c6a-4898-a64f-8364339f35cd.png,671.0,449.0,805.0,548.0,,,,
158cf8f2-8066-42f9-aad0-f52e1bc8de07.png,143.0,413.0,277.0,630.0,,,,
e50a07f7-47f4-4a25-8d45-a2f1d66a2aaa.png,327.0,239.0,434.0,480.0,,,,
56cd86a4-bfdf-403c-b6ae-b9eea812fccc.png,621.0,330.0,782.0,596.0,,,,
07075b45-c83b-4e9a-971e-4b6c4554a0ef.png,99.0,93.0,435.0,819.0,534.0,96.0,894.0,847.0
42765f9e-beea-4f46-8af4-f1282095662d.png,192.0,342.0,427.0,720.0,549.0,302.0,827.0,731.0
5e79685b-7bcc-49d2-986c-e3d07a319a3a.png,194.0,474.0,397.0,626.0,,,,
c32611c5-e546-4021-b244-4a6d0503787c.png,151.0,555.0,408.0,714.0,,,,
3040d9d7-d895-453f-887c-616c10531960.png,641.0,576.0,882.0,759.0,,,,
50e589e1-e878-4994-b29f-ce9d731ac2db.png,250.0,241.0,503.0,622.0,,,,
36c50ee5-7885-4c34-8f24-829f85cea256.png,583.0,836.0,731.0,1013.0,125.0,633.0,313.0,867.0
4126caff-aaa9-48c1-8873-94b05cc5aa1d.png,638.0,314.0,976.0,845.0,363.0,408.0,559.0,769.0
108eeb60-7701-4796-86a8-1447fd8a0ff7.png,808.0,430.0,910.0,599.0,,,,
27ee75df-d2e3-40c0-994f-3efd14e6dafb.png,251.0,193.0,509.0,675.0,638.0,204.0,876.0,758.0
5fe137e2-d416-4f49-b685-6a3fe5367910.png,160.0,408.0,344.0,820.0,616.0,615.0,803.0,847.0
a66d881d-c072-4ea0-a00c-74a62981a3e8.png,671.0,260.0,928.0,621.0,234.0,116.0,531.0,583.0
abfa6fc6-e696-4d79-890c-aa14ce01ea2f.png,558.0,581.0,768.0,759.0,160.0,543.0,322.0,763.0
d82f792f-6240-4dbe-9a1a-6e3f60129828.png,266.0,214.0,427.0,397.0,,,,
2c575dd0-1a23-40d1-a0b6-da6d9c2556ae.png,226.0,283.0,366.0,495.0,608.0,337.0,762.0,664.0
0361ea80-0215-4bbe-9bca-908ea7c4f8b6.png,646.0,412.0,795.0,745.0,259.0,452.0,376.0,616.0
72c531c7-1323-413e-ae4a-ee0f5ba791ae.png,614.0,523.0,841.0,859.0,,,,
bba14241-9fd6-40ae-91f3-945af76178aa.png,506.0,166.0,720.0,556.0,163.0,158.0,339.0,529.0
e3a576a6-2c29-483d-be9d-4a6a3327a0cf.png,686.0,526.0,797.0,821.0,138.0,484.0,334.0,712.0
baa5cbde-acb9-4160-a8e9-d19ab0cf8063.png,626.0,302.0,911.0,970.0,137.0,271.0,449.0,944.0
162c2fa0-aa64-4cc8-aacd-930750957868.png,631.0,461.0,958.0,828.0,238.0,456.0,509.0,766.0
b20b2346-f86c-45b5-aeea-a4b10e35b764.png,249.0,343.0,412.0,499.0,628.0,210.0,864.0,573.0
a2d27e14-d9c0-4596-84d8-c526b0afc9a7.png,372.0,310.0,488.0,566.0,,,,
02c34d5b-16e9-412e-a385-ccd8cbceae16.png,633.0,421.0,847.0,687.0,317.0,416.0,405.0,658.0
e140e6e5-cdf1-47d6-b2f1-602aa8a1a69c.png,725.0,485.0,845.0,712.0,,,,
e191c1c9-94e8-48fe-8ad3-bda04a74a905.png,743.0,418.0,968.0,658.0,296.0,586.0,478.0,746.0
29aec016-fae1-429c-b88c-58e10cd90d7b.png,130.0,392.0,328.0,496.0,,,,
bce0b118-a130-47a3-bfa6-d5b68ac6b8e2.png,588.0,113.0,865.0,611.0,,,,
aaf0cb77-efe2-4129-ba1e-a7b153132427.png,301.0,410.0,477.0,602.0,728.0,470.0,942.0,676.0
83d25ba1-ba1c-4d32-b505-5cf0cffeff4c.png,512.0,271.0,801.0,949.0,140.0,214.0,456.0,891.0
3892a267-e293-471a-b15f-ba5d2e453f64.png,577.0,160.0,848.0,742.0,183.0,147.0,470.0,713.0
7fb3e6fd-596b-41e7-815b-b2be3f856184.png,101.0,464.0,330.0,643.0,575.0,366.0,764.0,705.0
04dd9347-6215-4b34-a98f-a73e577aff9d.png,719.0,736.0,854.0,805.0,,,,
7860706e-b07d-4c69-b17c-03ca4f8e8a95.png,752.0,543.0,960.0,665.0,,,,
3bb0913d-db75-4c66-81bd-fdd9143eef15.png,255.0,294.0,420.0,765.0,527.0,372.0,719.0,829.0
bcdd92c8-2cde-4899-a6fc-46b875aaab62.png,147.0,438.0,380.0,693.0,570.0,605.0,734.0,797.0
b07fc720-9696-4dbb-af78-013c1464b916.png,247.0,425.0,395.0,577.0,,,,
aff963a8-7c66-453f-b247-b99fac926e2f.png,625.0,468.0,910.0,620.0,211.0,432.0,427.0,565.0
f7250628-0db8-4baa-adbf-fd694cbd3b7d.png,511.0,422.0,713.0,809.0,190.0,420.0,385.0,845.0
be2edd9b-3f12-4399-bec5-9371c8920a29.png,254.0,278.0,493.0,685.0,609.0,244.0,829.0,660.0
c3eca37d-a537-49d8-9711-94d86157ac8b.png,354.0,239.0,552.0,712.0,684.0,185.0,899.0,705.0
f73ff426-6e28-476e-82c6-31d3603a1cc3.png,655.0,610.0,846.0,787.0,,,,
8d09cad6-5aec-48fc-8c66-1b5e7c144ac8.png,179.0,197.0,441.0,645.0,596.0,164.0,852.0,676.0
15cc8c22-055e-4e64-8c5f-38816f82daa0.png,605.0,601.0,876.0,792.0,187.0,573.0,479.0,749.0
b1026ffe-0240-4b32-ae61-e47a0352399f.png,654.0,358.0,849.0,708.0,309.0,297.0,517.0,590.0
bdbf26d1-2706-49bf-9554-84a881440880.png,108.0,556.0,368.0,810.0,538.0,601.0,705.0,829.0
02475a31-ed48-4ff3-b401-5d74694bff8d.png,134.0,472.0,279.0,669.0,835.0,474.0,947.0,646.0
702dd374-879d-4b8e-ad5b-7729f16a9ae2.png,549.0,333.0,828.0,997.0,,,,
13bf28d4-fa19-4ba0-966a-938f676d6d04.png,649.0,357.0,843.0,654.0,273.0,427.0,469.0,732.0
1b3bc37d-dfa7-4dee-a7dc-18008b346586.png,256.0,408.0,359.0,665.0,,,,
c2974ad2-07ba-4353-9172-1375acd88d9a.png,677.0,563.0,891.0,716.0,,,,
859ec41e-8eb9-4aca-a0bf-c17a0984b894.png,583.0,292.0,815.0,733.0,,,,
39a52f1d-c8ca-4d68-8b84-817f382febdc.png,577.0,245.0,796.0,858.0,236.0,143.0,459.0,728.0
af59f4a2-32d4-4888-ac7f-fc0bcc23abd2.png,315.0,571.0,482.0,825.0,652.0,308.0,893.0,868.0
abdd57b2-8bbc-409a-853f-885215db8c6c.png,521.0,83.0,755.0,441.0,,,,
0902e0fc-fcf3-40b5-ac04-c3ecc14c2355.png,649.0,326.0,907.0,642.0,,,,
4217397c-f5d1-4890-8d71-5c6eebf8340e.png,549.0,356.0,822.0,573.0,183.0,382.0,429.0,577.0
5c251c5b-f578-4c22-a373-d5973a41076a.png,669.0,355.0,847.0,546.0,255.0,412.0,461.0,714.0
b4dd880c-d830-470d-80b4-afca617a4261.png,612.0,337.0,836.0,562.0,,,,
b8999532-31ea-4659-9039-d83a6fab490c.png,269.0,143.0,469.0,608.0,651.0,584.0,831.0,801.0
01dc817c-3cfa-49fe-8662-518edc30652a.png,368.0,677.0,469.0,816.0,,,,
a92643fd-0f58-43e5-a400-7c35c2544610.png,198.0,208.0,464.0,613.0,,,,
c573cb3e-54e6-4ff0-bda4-1fd7621ee0cf.png,174.0,248.0,453.0,708.0,578.0,240.0,879.0,785.0
ec494de2-73b0-4ec6-9038-217175b06392.png,338.0,469.0,509.0,729.0,648.0,493.0,881.0,874.0
47f2c736-72d5-4897-b0c7-7119f0fd88c7.png,216.0,225.0,523.0,796.0,616.0,210.0,890.0,813.0
8a746dc0-cc72-4f17-b0b1-388cecd3022c.png,624.0,507.0,861.0,786.0,,,,
980f7412-072b-4cc4-846d-99fc5607d70c.png,124.0,521.0,430.0,900.0,,,,
bd20a471-4892-4763-ae4a-936878eefede.png,310.0,310.0,492.0,600.0,,,,
9a1fd0e4-262e-4856-85ba-88faf8b88726.png,587.0,449.0,833.0,725.0,267.0,452.0,493.0,685.0
31a5e26b-48ea-4bb2-a0bc-8b2dbd234f0e.png,540.0,683.0,725.0,896.0,184.0,435.0,354.0,653.0
3485bc68-5c84-479c-8ec6-17fa1b6d7a2c.png,598.0,398.0,754.0,576.0,,,,
85867e93-12ca-4fea-9d71-6e21bad54309.png,595.0,196.0,854.0,742.0,195.0,510.0,468.0,714.0
18792f05-1f16-4343-884c-c33420e6b104.png,540.0,66.0,765.0,265.0,,,,
15df7a1f-a2a4-4d5e-8771-3280fa1184c3.png,185.0,262.0,416.0,841.0,640.0,305.0,914.0,833.0
aeae6cbc-d713-4760-845c-fcc93ed5ad64.png,265.0,505.0,460.0,729.0,,,,
cbf72626-2c8e-4d1d-91a7-4afcb413674e.png,170.0,250.0,454.0,765.0,,,,
cde08a05-31aa-44f6-8fc5-c16bb94d9432.png,601.0,253.0,835.0,640.0,203.0,322.0,430.0,558.0
37f025d9-05c0-4e27-9a75-2e6a2085fa30.png,680.0,506.0,843.0,652.0,,,,
df0f59ce-d11a-488d-a51c-bd9105e592f6.png,174.0,416.0,382.0,604.0,661.0,384.0,822.0,659.0
55bc511a-5207-4316-b23b-d7a78a47737f.png,229.0,423.0,447.0,605.0,,,,
357640b9-dc43-4011-b620-4d490c596777.png,600.0,378.0,792.0,540.0,,,,
a0c71f08-8694-4294-a903-f733a09f84c9.png,571.0,389.0,809.0,766.0,191.0,412.0,471.0,740.0
15cfe136-58ea-4e38-b3a8-d372ecad4ac7.png,396.0,262.0,602.0,511.0,738.0,357.0,972.0,672.0
b3a287c5-9fc6-42fb-93c5-310515024948.png,593.0,453.0,893.0,725.0,182.0,526.0,392.0,697.0
a408f2c1-9ec2-49fc-8dd6-617dd540d512.png,186.0,354.0,373.0,615.0,,,,
49c04987-96af-4edb-b560-53c56a357cac.png,539.0,455.0,688.0,647.0,351.0,436.0,470.0,628.0
1677d8e0-7c1c-4052-923b-4fc0061c2ebd.png,643.0,484.0,877.0,638.0,,,,
805f684c-7781-45ba-83db-4ae332bd2cd7.png,170.0,146.0,539.0,819.0,,,,
9dd62ca4-f07b-4843-97bb-a69b7bf8d327.png,175.0,662.0,445.0,902.0,613.0,593.0,925.0,899.0
3fc3e7fb-1fff-4ad0-9900-8874ada57d05.png,612.0,355.0,783.0,641.0,,,,
caa545b4-4eea-4e3a-90b1-c4c0789a1109.png,230.0,156.0,471.0,613.0,544.0,146.0,811.0,624.0
4e90e80e-e990-4f27-8bc6-c6c11e822974.png,683.0,150.0,942.0,823.0,328.0,176.0,542.0,768.0
eba26223-cd3f-4b8b-a4b8-3ebc3922da4f.png,278.0,157.0,457.0,514.0,634.0,221.0,788.0,580.0
b61e3955-0a8d-4678-9746-b7202fd6d777.png,612.0,579.0,886.0,801.0,229.0,255.0,456.0,673.0
4240c194-667f-498b-989f-ae7bd19e68a0.png,185.0,292.0,485.0,714.0,,,,
b776a863-b1da-4a7e-b688-b9a6ce6c3e75.png,181.0,439.0,411.0,717.0,,,,
92a2dfab-f33a-4324-953a-afe96680c541.png,102.0,196.0,427.0,1001.0,520.0,201.0,894.0,1018.0
a8935cae-155c-4200-afc5-6fd74dd1b31b.png,211.0,271.0,440.0,746.0,,,,
cdcecbe8-45cd-42a5-a47d-d58bc638f937.png,621.0,527.0,889.0,830.0,206.0,480.0,381.0,798.0
854290ba-d47b-457b-949e-c86f0e7e5143.png,604.0,171.0,826.0,562.0,83.0,443.0,306.0,701.0
9ee3b37b-f1e7-4b02-8f8f-a8af4ce3990e.png,511.0,409.0,843.0,628.0,,,,
17a26c7a-8bd6-494a-82af-c504a5a6a1bb.png,574.0,368.0,891.0,845.0,,,,
844ac956-e1e2-4f27-b58c-390d6405c3a0.png,429.0,59.0,788.0,751.0,16.0,60.0,402.0,691.0
e5b2ae3b-2da6-4c16-96df-af8a72695893.png,594.0,299.0,806.0,722.0,174.0,309.0,423.0,590.0
df10aee9-878c-4782-8aea-de4369355fd6.png,296.0,329.0,459.0,607.0,562.0,463.0,703.0,636.0
6e2aacb3-74b4-4909-afd1-5e9765df303a.png,125.0,252.0,338.0,622.0,506.0,454.0,701.0,860.0
a25d0b6e-cd0e-40d5-a225-4ef92baa4202.png,185.0,253.0,506.0,757.0,609.0,376.0,924.0,801.0
5973a2ae-a2f9-404e-930d-0d7c96f756ef.png,275.0,198.0,449.0,688.0,645.0,201.0,844.0,771.0
79e66b5d-e740-4fea-b9be-8cb2c75fd375.png,690.0,550.0,826.0,706.0,,,,
bf22936e-6390-4f6f-b7c2-9452972c3ab1.png,642.0,358.0,831.0,798.0,,,,
8194b336-dd7c-42de-9471-ebba8c4db0c0.png,662.0,369.0,809.0,538.0,424.0,316.0,520.0,515.0
f29da87d-abd4-4141-96d9-e48f95ca67ab.png,570.0,373.0,764.0,759.0,171.0,357.0,362.0,724.0
d21e78db-5c06-4927-b177-54c4b33144ca.png,603.0,259.0,798.0,597.0,,,,
bbca9bd4-53b2-4076-a3b3-a1ee4079faec.png,634.0,735.0,821.0,955.0,629.0,459.0,799.0,576.0
c5f17998-8e5d-419e-87f9-800facb13fe1.png,569.0,306.0,792.0,611.0,305.0,166.0,518.0,519.0
eb10b7c7-fc94-488a-a5a9-704876d78ebb.png,154.0,594.0,306.0,756.0,559.0,511.0,733.0,730.0
b54c5581-bb40-4c19-9d5a-3be944ef8132.png,133.0,524.0,305.0,663.0,,,,
4a2078dc-3789-43b2-a31e-19014d4fe3eb.png,350.0,241.0,527.0,704.0,634.0,303.0,849.0,786.0
78a396fd-20af-4384-acdd-c9a6ddb8c1ad.png,299.0,528.0,420.0,647.0,,,,
e81a17d3-0c93-47fd-8cab-4ca7914ad86e.png,223.0,448.0,363.0,742.0,772.0,473.0,831.0,580.0
17551520-eef9-476d-bdcd-9556dca30e14.png,164.0,434.0,430.0,773.0,,,,
b1046f7e-c90f-4043-a678-087754decbd9.png,528.0,599.0,775.0,894.0,169.0,550.0,397.0,933.0
e8a234b2-5e8d-4b53-8a44-17c46a3678eb.png,56.0,345.0,225.0,581.0,,,,
7628b348-fdb4-43f6-a7bf-7eb0e20d0ae8.png,276.0,275.0,446.0,548.0,,,,
8401176b-2a3f-4497-b3ae-f761e7d626ff.png,241.0,228.0,463.0,587.0,548.0,243.0,753.0,506.0
31e4e2fe-9d21-4cf9-ba57-3174ebc32a43.png,712.0,513.0,928.0,767.0,442.0,231.0,606.0,594.0
5e30641a-d90c-47f8-a798-76155850846b.png,296.0,197.0,462.0,599.0,,,,
62f42357-5ae3-4eed-a5b2-f189b545e579.png,709.0,384.0,921.0,560.0,293.0,384.0,522.0,658.0
50533ed3-bfb4-4e56-82f7-678e03864265.png,198.0,346.0,441.0,711.0,505.0,287.0,791.0,661.0
892ff532-34fc-4006-8af2-8d914136848d.png,175.0,573.0,495.0,938.0,,,,
1a2b6a01-88f6-4907-adef-f396a00a15b4.png,573.0,336.0,771.0,790.0,209.0,348.0,366.0,678.0
5acc56a4-1b6e-4394-9364-9772047d583f.png,596.0,137.0,818.0,505.0,,,,
60c3a86e-4268-45f6-ae8c-003a5833287d.png,302.0,546.0,477.0,721.0,,,,
11a41e42-fdb4-4216-9e04-d4914fe2186e.png,271.0,368.0,417.0,490.0,,,,
34d340bd-2928-41cb-8d2a-98ba84999a01.png,212.0,500.0,381.0,755.0,617.0,519.0,844.0,751.0
2415c886-456c-447a-b418-bbf877ddefd1.png,205.0,234.0,354.0,467.0,560.0,199.0,645.0,411.0
e836c27c-e180-4c15-a929-bc98fab4df67.png,685.0,590.0,827.0,750.0,199.0,460.0,386.0,636.0
dc1813b1-0576-4560-95ab-fd4a2b509823.png,218.0,477.0,404.0,816.0,,,,
346fdfbf-788e-4791-95f2-f986208c7796.png,265.0,616.0,444.0,696.0,,,,
d4b2b93e-696e-47fa-b197-160a35534b84.png,104.0,137.0,405.0,518.0,515.0,138.0,786.0,523.0
c7d389ff-e2e1-40ed-b940-aef09bae009a.png,552.0,128.0,833.0,656.0,273.0,168.0,498.0,646.0
34411756-b5ea-47b6-bcb4-3dd037d95eba.png,207.0,535.0,374.0,654.0,,,,
05eebe4c-bca2-40d4-bb20-54fc60e2bcea.png,219.0,148.0,497.0,732.0,529.0,139.0,900.0,716.0
b8a633b3-b2fa-4e17-be54-faf0aba4c903.png,157.0,529.0,413.0,803.0,,,,
220e0278-363d-431b-8094-1e28085ddb0f.png,644.0,345.0,836.0,682.0,334.0,234.0,504.0,645.0
3ed5e37a-df95-4bf3-9ea9-fab48fc42f86.png,298.0,476.0,459.0,622.0,,,,
338907f5-8c8c-47e7-a57d-6c9eb5b4529b.png,324.0,398.0,507.0,577.0,652.0,341.0,827.0,613.0
2a9035ed-ec09-404d-adc3-d37688adf50a.png,286.0,395.0,436.0,605.0,666.0,410.0,771.0,616.0
dcc879b2-a7f1-4526-95af-e87539dc4925.png,199.0,176.0,469.0,570.0,,,,
bc668e08-44be-4aed-aa17-7b321c8e11a5.png,298.0,2.0,525.0,275.0,,,,
b3332044-d191-4d1d-8cca-b11c30c79fa8.png,621.0,372.0,884.0,659.0,229.0,250.0,462.0,635.0
bd164f7a-a3a5-40d0-933c-0d623be3ad94.png,323.0,218.0,497.0,483.0,,,,
bbdd8674-c782-4ac8-a20d-4baef4afa895.png,302.0,481.0,530.0,807.0,667.0,265.0,901.0,850.0
31368401-b882-40ef-a728-8657ea3144b4.png,626.0,611.0,755.0,702.0,283.0,488.0,412.0,556.0
b8db9c09-e681-4737-9ad8-e92ad618a5ca.png,180.0,225.0,465.0,599.0,568.0,182.0,855.0,653.0
741500a4-d128-4b85-852b-428779f5c5ec.png,233.0,379.0,431.0,545.0,604.0,233.0,801.0,635.0
17dcf534-9163-4887-ad53-18e99fc28aa1.png,168.0,480.0,419.0,750.0,,,,
b5046b7c-f721-4c19-b3ae-51f095f36fe6.png,616.0,246.0,864.0,809.0,288.0,332.0,431.0,717.0
ee3cfbb1-1dd2-463a-886f-3033dccbc645.png,188.0,375.0,323.0,504.0,,,,
a37b8547-1850-4d8c-940e-cc9d74e0798f.png,293.0,202.0,499.0,512.0,,,,
769f98fc-59c7-4f3a-af65-80a75b679923.png,180.0,370.0,404.0,533.0,,,,
1101cedc-35e2-483c-9326-1f3232b88f06.png,404.0,454.0,569.0,650.0,703.0,391.0,868.0,684.0
f9a571b8-65a5-463c-8ee7-db2f3728f5d2.png,193.0,452.0,385.0,688.0,,,,
7bd0fbaa-3042-4771-8dd8-d7a2f5450c65.png,650.0,284.0,765.0,418.0,,,,
f8767c5d-9024-43d9-9044-843f2cec00c7.png,669.0,342.0,871.0,856.0,189.0,353.0,447.0,744.0
41abed8d-8781-4564-b0cc-9d4abbfcad5f.png,231.0,538.0,392.0,742.0,,,,
84309ddd-319f-4e6d-b312-2bc70537b074.png,591.0,471.0,788.0,725.0,,,,
7834a7b0-6064-4f9c-bf5c-a526393af472.png,214.0,334.0,348.0,471.0,187.0,652.0,407.0,762.0
23ab8dcb-0331-42b0-8058-45676e48675e.png,205.0,523.0,400.0,734.0,,,,
084d42b9-0a43-490d-9a8d-e4d7545c44f5.png,513.0,472.0,833.0,814.0,,,,
bccb1c1f-d429-4ed4-be42-808a75b635f9.png,655.0,473.0,832.0,743.0,,,,
bf1103d5-18c7-4578-9ad2-a7e279d9a6a3.png,519.0,206.0,694.0,567.0,231.0,171.0,422.0,556.0
c203f4e6-0963-4543-a34c-48b9d62b3e27.png,258.0,187.0,478.0,523.0,611.0,164.0,759.0,549.0
e01ef6c8-20f4-48a3-8917-686da0e5b454.png,43.0,519.0,337.0,644.0,662.0,531.0,950.0,677.0
0409b97f-7673-42e2-9943-0656c6aaca69.png,574.0,171.0,685.0,254.0,,,,
b7d86d4e-7d73-4269-bd19-3d24b7f4259b.png,537.0,450.0,689.0,579.0,,,,
de0753bc-4086-4b85-a0bf-ca66c5832ce3.png,213.0,542.0,414.0,715.0,,,,
3cb2bebe-0b95-42af-9bfe-72aeff44f745.png,197.0,114.0,453.0,703.0,615.0,95.0,869.0,838.0
ebf2bdff-9e1a-4365-9010-738d58b62944.png,219.0,449.0,367.0,752.0,,,,
84909dca-4b86-43dd-8bba-d8fc06a85e15.png,266.0,100.0,511.0,663.0,599.0,416.0,864.0,697.0
8160b6e6-9cbf-4083-b849-991b1eaed067.png,194.0,411.0,430.0,712.0,,,,
737030d6-07d1-43de-9e11-82b31accd240.png,641.0,514.0,831.0,706.0,297.0,496.0,443.0,747.0
a3914966-dba0-4178-8efa-20f3dbb5e75e.png,571.0,219.0,804.0,650.0,235.0,198.0,451.0,673.0
804249b1-2260-408b-9aaf-3f2e3eeae93f.png,274.0,515.0,426.0,662.0,,,,
e2bc24a7-e469-48e2-9d5a-6ffc8557d59e.png,612.0,447.0,777.0,585.0,,,,
770b8908-24e0-4c1d-a3c0-4d75065b02b7.png,276.0,89.0,437.0,322.0,,,,
4cec7c74-e39a-48d0-8ec5-2b04ad0bfa3e.png,208.0,325.0,458.0,540.0,,,,
c762013e-3fd2-4301-9af3-9a3b10ad1fcd.png,525.0,189.0,814.0,744.0,190.0,197.0,442.0,777.0
9a8d4c24-8275-4805-ab84-9ae850c7ac32.png,248.0,584.0,447.0,915.0,,,,
319c7cc1-72c8-4b0d-96b2-bf6de8c26021.png,513.0,495.0,754.0,735.0,,,,
ab9eccef-dfdf-4fba-b1f9-fccdda382eff.png,202.0,406.0,415.0,648.0,663.0,265.0,831.0,520.0
ded94391-8388-4a59-8e28-5c24729fe636.png,179.0,652.0,384.0,790.0,,,,
b56e253f-df19-4485-928b-d3b3f66d6c47.png,660.0,518.0,899.0,751.0,305.0,526.0,529.0,819.0
77f96630-7a12-423e-a4e5-a5c5db11fd8f.png,201.0,240.0,418.0,549.0,631.0,273.0,807.0,590.0
4d5ca402-e14a-4b6c-86cd-d25512b31047.png,604.0,311.0,796.0,492.0,,,,
efad4ebc-9579-4fdb-8850-0af216ec919b.png,159.0,233.0,364.0,772.0,670.0,673.0,873.0,806.0
100fb3d8-99c5-4723-9385-11b236f9aae4.png,241.0,419.0,456.0,803.0,709.0,374.0,906.0,774.0
13fce2c5-6834-485f-8280-c3b0c1b952b5.png,244.0,479.0,461.0,674.0,,,,
0983ae59-b906-4fd5-a810-edfe0580fe3b.png,212.0,333.0,436.0,724.0,,,,
9bc3b352-0796-42a9-8028-3fa131afbe7b.png,280.0,597.0,503.0,957.0,714.0,578.0,975.0,885.0
b67345a4-9c06-46c0-b0a0-303cee1cc19c.png,246.0,187.0,486.0,765.0,686.0,445.0,978.0,844.0
77823cf2-2603-4db9-9c50-ec8ae13674e3.png,658.0,278.0,805.0,544.0,251.0,383.0,397.0,562.0
6ad6525d-5225-4623-9f5a-65816cc3436f.png,615.0,411.0,843.0,629.0,,,,
98833b28-3925-4098-bf44-c81a9e687838.png,125.0,248.0,329.0,468.0,,,,
b5714c0f-6d0f-4c56-833f-8b83f19e982a.png,525.0,409.0,773.0,783.0,191.0,612.0,388.0,862.0
d471c394-f44a-47a4-9e41-6a651b8916cc.png,193.0,210.0,410.0,657.0,498.0,232.0,770.0,681.0
f6b16a6d-345a-4348-93ba-48c69ac76822.png,274.0,383.0,480.0,693.0,,,,
1c6b087d-a573-450b-9a4c-f5a5de9a8004.png,667.0,496.0,826.0,612.0,,,,
ad5a2700-3388-499a-8584-d811cacac4ac.png,141.0,160.0,384.0,468.0,,,,
8f0500c9-dcdd-4c0f-8ba5-452c0af5fc02.png,214.0,211.0,560.0,872.0,625.0,188.0,1012.0,891.0
a8e0af66-dc6e-441b-82c0-077c56cb43a9.png,570.0,495.0,796.0,739.0,,,,
91721abe-bffa-4fe6-b816-618de13464b2.png,123.0,174.0,503.0,805.0,542.0,109.0,900.0,817.0
239b10e6-a859-447b-8496-eca7b6c8a356.png,226.0,536.0,386.0,771.0,,,,
c6dd0b25-7b0f-499c-9601-13b67f37424a.png,696.0,546.0,963.0,878.0,255.0,536.0,543.0,824.0
09c48ba8-4f0b-483c-85ec-9246d7cc6177.png,193.0,242.0,502.0,695.0,566.0,251.0,875.0,710.0
8b252ccb-1a24-47cf-bd2d-b42c6c9a2557.png,235.0,236.0,462.0,863.0,562.0,273.0,854.0,935.0
08b0056b-c563-4b30-9101-2ed685fdad1f.png,80.0,154.0,389.0,837.0,432.0,168.0,783.0,844.0
ab708945-6f3a-4652-85df-4f02d6079a75.png,256.0,491.0,407.0,742.0,607.0,453.0,801.0,766.0
d5277276-f8f8-40e9-b8e1-791cf5d96ac0.png,186.0,293.0,472.0,696.0,,,,
339907f7-5f76-40b4-8476-9c3460417d16.png,622.0,421.0,905.0,823.0,148.0,486.0,404.0,806.0
697ba0dd-6546-43b5-bfe6-f331fb96e0fe.png,226.0,358.0,483.0,645.0,,,,
867fcea9-55eb-4414-88ad-558e717f753c.png,171.0,16.0,419.0,627.0,450.0,6.0,832.0,518.0
b35d57ee-f22b-4c8c-b959-3ee8eecef555.png,350.0,656.0,487.0,782.0,512.0,636.0,648.0,788.0
d03f855d-a0b8-45b9-afdb-8844186c11eb.png,181.0,230.0,446.0,680.0,542.0,237.0,804.0,711.0
bfefcd13-122d-4c6f-8f4f-5c53417165db.png,232.0,317.0,461.0,633.0,604.0,235.0,804.0,460.0
3a95e2d5-ec7a-4020-a48c-7d61fdb3d0af.png,492.0,82.0,684.0,721.0,117.0,64.0,356.0,608.0
8d4da897-7d1c-4d08-a5f4-f99092face76.png,550.0,257.0,879.0,735.0,,,,
af37b2a0-1a31-46d0-b64c-a7a6e3cd2995.png,626.0,290.0,830.0,679.0,232.0,103.0,441.0,583.0
93550df9-7f67-404f-a974-516acecd5c48.png,576.0,496.0,799.0,676.0,,,,
8a36f06f-80b0-43d6-8dcf-391e49587ebc.png,638.0,216.0,846.0,633.0,285.0,408.0,445.0,690.0
29576186-ed47-4331-8ea0-08d899822c1f.png,191.0,496.0,397.0,692.0,,,,
c1ffc793-0e31-4396-a0fc-6f7f6cccb28b.png,290.0,274.0,441.0,568.0,717.0,273.0,850.0,612.0
c0270fb3-b81a-4728-b66a-867ce7afc2af.png,286.0,334.0,403.0,510.0,,,,
5b9dbcce-4621-4180-bd1d-805b3ce9d7e0.png,759.0,604.0,862.0,700.0,,,,
a5a07f9f-959f-4210-ac86-6cdab44b099b.png,584.0,504.0,866.0,773.0,,,,
fc7276ad-47d1-451e-bf68-c4e2db43b6a5.png,204.0,256.0,398.0,781.0,617.0,274.0,772.0,565.0
db4414d8-4ce8-4e92-b543-e9d42883f58b.png,195.0,452.0,315.0,622.0,,,,
0cd3f245-763a-4db0-870d-3ee1a3c6bdcb.png,511.0,362.0,702.0,697.0,107.0,328.0,328.0,859.0
0f45a78f-d20b-4370-b0c9-00da4e9a8a05.png,600.0,501.0,735.0,801.0,87.0,357.0,336.0,909.0
833a38fd-dab6-4dd9-ba53-0f536b86555b.png,246.0,111.0,453.0,500.0,,,,
8a6eb7c9-81ff-43c3-81d8-85922e96507e.png,562.0,194.0,851.0,771.0,159.0,175.0,451.0,751.0
6f3953f5-5129-4a74-b8f9-cf386f919930.png,142.0,425.0,379.0,740.0,628.0,516.0,852.0,811.0
b7069aa5-9e33-4918-aba2-f76b0abef6a4.png,151.0,476.0,413.0,655.0,646.0,483.0,906.0,700.0
46b861c5-844c-40be-b390-63008b567261.png,159.0,216.0,428.0,751.0,539.0,273.0,796.0,836.0
b085cc58-d5b4-4fb7-9879-565c0e8c1198.png,561.0,179.0,756.0,682.0,77.0,116.0,370.0,684.0
becced78-9df7-4e9a-94c8-7cb750d41507.png,203.0,109.0,423.0,592.0,568.0,119.0,758.0,617.0
f0ba0019-718f-4677-a723-05c27dba2f3e.png,681.0,446.0,824.0,602.0,263.0,629.0,416.0,776.0
b4857f8b-e6af-44da-84d3-ba3608ca7cb2.png,254.0,392.0,375.0,539.0,,,,
7b73919e-d14d-4f3c-88cd-e81a21ba756f.png,208.0,286.0,454.0,625.0,631.0,229.0,834.0,543.0
7efe1069-9223-445f-a8d5-64b5a35438d2.png,138.0,323.0,260.0,434.0,,,,
0f6ed027-8700-43ff-a4a6-a8211cbbbb02.png,572.0,614.0,750.0,918.0,180.0,404.0,377.0,759.0
aff2efe8-0cf0-4789-8ec9-b15d10f32c69.png,311.0,373.0,445.0,585.0,651.0,376.0,918.0,596.0
ebd9a666-b3ff-407c-9d50-9af3a285304f.png,194.0,504.0,354.0,784.0,,,,
33c66fa9-6a08-4d0d-b309-88ce91a217c9.png,193.0,468.0,402.0,588.0,619.0,357.0,795.0,498.0
0a0f91dc-6015-4342-b809-d19610854a21.png,646.0,465.0,846.0,633.0,,,,
018951e6-9fb3-4e92-8ce7-e3a018daf93f.png,254.0,272.0,477.0,614.0,629.0,259.0,852.0,636.0
7894c061-9fc1-4226-83b9-4f22483a02b1.png,695.0,357.0,820.0,483.0,270.0,263.0,448.0,576.0
c7ccf0d3-c18a-4b89-acdd-9a106d6d882f.png,459.0,644.0,583.0,843.0,,,,
36b750d4-ac1c-4301-addb-bb00f6edad82.png,473.0,172.0,758.0,543.0,150.0,254.0,417.0,581.0
559415a8-f9bc-40ed-9ac0-0f60104e7e9c.png,601.0,193.0,891.0,800.0,191.0,210.0,517.0,775.0
b6138fc8-c652-4b7f-978d-895d10b0a0ea.png,319.0,504.0,435.0,669.0,,,,
bc651497-8014-4429-a93b-5860fe9a205a.png,456.0,317.0,709.0,556.0,,,,
ac648f87-a79f-4ce0-9439-23a8dd886b71.png,601.0,237.0,913.0,772.0,188.0,225.0,461.0,617.0
af935971-e768-468a-8bbe-cdb025daec83.png,315.0,603.0,441.0,795.0,,,,
bd9d41e6-9e2b-4db5-9cbe-21d32f185421.png,240.0,89.0,477.0,765.0,643.0,139.0,931.0,769.0
5a650a62-b6ef-4600-839b-5affbc7522fb.png,599.0,395.0,810.0,807.0,210.0,487.0,424.0,716.0
88070db5-6752-437e-ad22-3f0f2451180a.png,205.0,426.0,394.0,654.0,,,,
